table,sale_id,product_id,quantity,revenue,sale_date,product_name,category,price,id,name,current_stock
sales_merged,1.0,1.0,1.0,24.99,2025-10-29,Wireless Mouse,Electronics,24.99,,,
sales_merged,2.0,1.0,1.0,24.99,2025-10-19,Wireless Mouse,Electronics,24.99,,,
sales_merged,3.0,1.0,2.0,49.98,2025-11-08,Wireless Mouse,Electronics,24.99,,,
sales_merged,4.0,1.0,1.0,24.99,2025-11-05,Wireless Mouse,Electronics,24.99,,,
sales_merged,5.0,1.0,1.0,24.99,2025-12-26,Wireless Mouse,Electronics,24.99,,,
sales_merged,6.0,1.0,1.0,24.99,2025-12-22,Wireless Mouse,Electronics,24.99,,,
sales_merged,7.0,1.0,1.0,24.99,2025-12-14,Wireless Mouse,Electronics,24.99,,,
sales_merged,8.0,1.0,1.0,24.99,2025-12-20,Wireless Mouse,Electronics,24.99,,,
sales_merged,9.0,1.0,1.0,24.99,2025-12-03,Wireless Mouse,Electronics,24.99,,,
sales_merged,10.0,1.0,2.0,49.98,2025-12-13,Wireless Mouse,Electronics,24.99,,,
sales_merged,11.0,1.0,1.0,24.99,2025-12-13,Wireless Mouse,Electronics,24.99,,,
sales_merged,12.0,1.0,1.0,24.99,2025-12-20,Wireless Mouse,Electronics,24.99,,,
sales_merged,13.0,1.0,1.0,24.99,2026-01-04,Wireless Mouse,Electronics,24.99,,,
sales_merged,14.0,1.0,2.0,49.98,2026-01-10,Wireless Mouse,Electronics,24.99,,,
sales_merged,15.0,1.0,1.0,24.99,2026-01-14,Wireless Mouse,Electronics,24.99,,,
sales_merged,16.0,1.0,1.0,24.99,2026-01-06,Wireless Mouse,Electronics,24.99,,,
sales_merged,17.0,1.0,1.0,24.99,2026-01-15,Wireless Mouse,Electronics,24.99,,,
sales_merged,18.0,1.0,2.0,49.98,2026-01-01,Wireless Mouse,Electronics,24.99,,,
sales_merged,19.0,1.0,1.0,24.99,2026-01-31,Wireless Mouse,Electronics,24.99,,,
sales_merged,20.0,1.0,1.0,24.99,2026-01-24,Wireless Mouse,Electronics,24.99,,,
sales_merged,21.0,1.0,2.0,49.98,2026-02-17,Wireless Mouse,Electronics,24.99,,,
sales_merged,22.0,1.0,2.0,49.98,2026-02-04,Wireless Mouse,Electronics,24.99,,,
sales_merged,23.0,1.0,1.0,24.99,2026-02-28,Wireless Mouse,Electronics,24.99,,,
sales_merged,24.0,1.0,2.0,49.98,2026-03-25,Wireless Mouse,Electronics,24.99,,,
sales_merged,25.0,1.0,2.0,49.98,2026-03-06,Wireless Mouse,Electronics,24.99,,,
sales_merged,26.0,1.0,2.0,49.98,2026-03-18,Wireless Mouse,Electronics,24.99,,,
sales_merged,27.0,1.0,2.0,49.98,2026-03-31,Wireless Mouse,Electronics,24.99,,,
sales_merged,28.0,1.0,1.0,24.99,2026-03-25,Wireless Mouse,Electronics,24.99,,,
sales_merged,29.0,1.0,8.0,199.92,2026-04-20,Wireless Mouse,Electronics,24.99,,,
sales_merged,30.0,1.0,2.0,49.98,2026-05-08,Wireless Mouse,Electronics,24.99,,,
sales_merged,31.0,1.0,2.0,49.98,2026-05-02,Wireless Mouse,Electronics,24.99,,,
sales_merged,32.0,1.0,2.0,49.98,2026-05-08,Wireless Mouse,Electronics,24.99,,,
sales_merged,33.0,1.0,2.0,49.98,2026-05-29,Wireless Mouse,Electronics,24.99,,,
sales_merged,34.0,1.0,3.0,74.97,2026-05-19,Wireless Mouse,Electronics,24.99,,,
sales_merged,35.0,1.0,2.0,49.98,2026-05-31,Wireless Mouse,Electronics,24.99,,,
sales_merged,36.0,1.0,5.0,124.95,2026-06-24,Wireless Mouse,Electronics,24.99,,,
sales_merged,37.0,1.0,6.0,149.94,2026-06-16,Wireless Mouse,Electronics,24.99,,,
sales_merged,38.0,1.0,5.0,124.95,2026-07-05,Wireless Mouse,Electronics,24.99,,,
sales_merged,39.0,1.0,5.0,124.95,2026-07-22,Wireless Mouse,Electronics,24.99,,,
sales_merged,40.0,1.0,2.0,49.98,2026-08-23,Wireless Mouse,Electronics,24.99,,,
sales_merged,41.0,1.0,2.0,49.98,2026-08-10,Wireless Mouse,Electronics,24.99,,,
sales_merged,42.0,1.0,2.0,49.98,2026-08-13,Wireless Mouse,Electronics,24.99,,,
sales_merged,43.0,1.0,2.0,49.98,2026-08-22,Wireless Mouse,Electronics,24.99,,,
sales_merged,44.0,1.0,2.0,49.98,2026-08-21,Wireless Mouse,Electronics,24.99,,,
sales_merged,45.0,1.0,2.0,49.98,2026-08-12,Wireless Mouse,Electronics,24.99,,,
sales_merged,46.0,1.0,1.0,24.99,2026-08-15,Wireless Mouse,Electronics,24.99,,,
sales_merged,47.0,1.0,2.0,49.98,2026-08-29,Wireless Mouse,Electronics,24.99,,,
sales_merged,48.0,1.0,3.0,74.97,2026-09-19,Wireless Mouse,Electronics,24.99,,,
sales_merged,49.0,1.0,3.0,74.97,2026-09-08,Wireless Mouse,Electronics,24.99,,,
sales_merged,50.0,1.0,3.0,74.97,2026-09-01,Wireless Mouse,Electronics,24.99,,,
sales_merged,51.0,1.0,3.0,74.97,2026-09-03,Wireless Mouse,Electronics,24.99,,,
sales_merged,52.0,1.0,3.0,74.97,2026-09-23,Wireless Mouse,Electronics,24.99,,,
sales_merged,53.0,1.0,3.0,74.97,2026-09-21,Wireless Mouse,Electronics,24.99,,,
sales_merged,54.0,1.0,2.0,49.98,2026-09-02,Wireless Mouse,Electronics,24.99,,,
sales_merged,55.0,1.0,3.0,74.97,2026-09-08,Wireless Mouse,Electronics,24.99,,,
sales_merged,56.0,2.0,1.0,89.99,2025-10-07,Mechanical Keyboard,Electronics,89.99,,,
sales_merged,57.0,2.0,1.0,89.99,2025-11-04,Mechanical Keyboard,Electronics,89.99,,,
sales_merged,58.0,2.0,1.0,89.99,2025-12-14,Mechanical Keyboard,Electronics,89.99,,,
sales_merged,59.0,2.0,1.0,89.99,2025-12-14,Mechanical Keyboard,Electronics,89.99,,,
sales_merged,60.0,2.0,1.0,89.99,2026-01-02,Mechanical Keyboard,Electronics,89.99,,,
sales_merged,61.0,2.0,1.0,89.99,2026-01-13,Mechanical Keyboard,Electronics,89.99,,,
sales_merged,62.0,2.0,1.0,89.99,2026-01-24,Mechanical Keyboard,Electronics,89.99,,,
sales_merged,63.0,2.0,1.0,89.99,2026-01-11,Mechanical Keyboard,Electronics,89.99,,,
sales_merged,64.0,2.0,2.0,179.98,2026-02-08,Mechanical Keyboard,Electronics,89.99,,,
sales_merged,65.0,2.0,2.0,179.98,2026-03-18,Mechanical Keyboard,Electronics,89.99,,,
sales_merged,66.0,2.0,2.0,179.98,2026-03-15,Mechanical Keyboard,Electronics,89.99,,,
sales_merged,67.0,2.0,3.0,269.97,2026-04-06,Mechanical Keyboard,Electronics,89.99,,,
sales_merged,68.0,2.0,2.0,179.98,2026-04-09,Mechanical Keyboard,Electronics,89.99,,,
sales_merged,69.0,2.0,2.0,179.98,2026-05-26,Mechanical Keyboard,Electronics,89.99,,,
sales_merged,70.0,2.0,1.0,89.99,2026-05-28,Mechanical Keyboard,Electronics,89.99,,,
sales_merged,71.0,2.0,2.0,179.98,2026-05-28,Mechanical Keyboard,Electronics,89.99,,,
sales_merged,72.0,2.0,2.0,179.98,2026-05-18,Mechanical Keyboard,Electronics,89.99,,,
sales_merged,73.0,2.0,4.0,359.96,2026-06-21,Mechanical Keyboard,Electronics,89.99,,,
sales_merged,74.0,2.0,5.0,449.95,2026-06-18,Mechanical Keyboard,Electronics,89.99,,,
sales_merged,75.0,2.0,1.0,89.99,2026-07-16,Mechanical Keyboard,Electronics,89.99,,,
sales_merged,76.0,2.0,1.0,89.99,2026-07-07,Mechanical Keyboard,Electronics,89.99,,,
sales_merged,77.0,2.0,1.0,89.99,2026-07-28,Mechanical Keyboard,Electronics,89.99,,,
sales_merged,78.0,2.0,1.0,89.99,2026-07-13,Mechanical Keyboard,Electronics,89.99,,,
sales_merged,79.0,2.0,1.0,89.99,2026-07-29,Mechanical Keyboard,Electronics,89.99,,,
sales_merged,80.0,2.0,1.0,89.99,2026-07-02,Mechanical Keyboard,Electronics,89.99,,,
sales_merged,81.0,2.0,1.0,89.99,2026-07-06,Mechanical Keyboard,Electronics,89.99,,,
sales_merged,82.0,2.0,1.0,89.99,2026-08-30,Mechanical Keyboard,Electronics,89.99,,,
sales_merged,83.0,2.0,2.0,179.98,2026-08-26,Mechanical Keyboard,Electronics,89.99,,,
sales_merged,84.0,2.0,2.0,179.98,2026-08-26,Mechanical Keyboard,Electronics,89.99,,,
sales_merged,85.0,2.0,2.0,179.98,2026-08-15,Mechanical Keyboard,Electronics,89.99,,,
sales_merged,86.0,2.0,3.0,269.97,2026-09-10,Mechanical Keyboard,Electronics,89.99,,,
sales_merged,87.0,2.0,2.0,179.98,2026-09-07,Mechanical Keyboard,Electronics,89.99,,,
sales_merged,88.0,2.0,3.0,269.97,2026-09-02,Mechanical Keyboard,Electronics,89.99,,,
sales_merged,89.0,2.0,2.0,179.98,2026-09-19,Mechanical Keyboard,Electronics,89.99,,,
sales_merged,90.0,2.0,2.0,179.98,2026-09-24,Mechanical Keyboard,Electronics,89.99,,,
sales_merged,91.0,3.0,2.0,179.98,2025-10-19,Bluetooth Speaker,Electronics,89.99,,,
sales_merged,92.0,3.0,2.0,179.98,2025-10-20,Bluetooth Speaker,Electronics,89.99,,,
sales_merged,93.0,3.0,2.0,179.98,2025-10-02,Bluetooth Speaker,Electronics,89.99,,,
sales_merged,94.0,3.0,2.0,179.98,2025-10-20,Bluetooth Speaker,Electronics,89.99,,,
sales_merged,95.0,3.0,7.0,629.93,2025-11-22,Bluetooth Speaker,Electronics,89.99,,,
sales_merged,96.0,3.0,6.0,539.94,2025-11-19,Bluetooth Speaker,Electronics,89.99,,,
sales_merged,97.0,3.0,1.0,89.99,2025-12-13,Bluetooth Speaker,Electronics,89.99,,,
sales_merged,98.0,3.0,1.0,89.99,2025-12-05,Bluetooth Speaker,Electronics,89.99,,,
sales_merged,99.0,3.0,2.0,179.98,2025-12-22,Bluetooth Speaker,Electronics,89.99,,,
sales_merged,100.0,3.0,1.0,89.99,2025-12-21,Bluetooth Speaker,Electronics,89.99,,,
sales_merged,101.0,3.0,2.0,179.98,2025-12-10,Bluetooth Speaker,Electronics,89.99,,,
sales_merged,102.0,3.0,2.0,179.98,2025-12-15,Bluetooth Speaker,Electronics,89.99,,,
sales_merged,103.0,3.0,3.0,269.97,2026-01-03,Bluetooth Speaker,Electronics,89.99,,,
sales_merged,104.0,3.0,2.0,179.98,2026-01-18,Bluetooth Speaker,Electronics,89.99,,,
sales_merged,105.0,3.0,3.0,269.97,2026-01-07,Bluetooth Speaker,Electronics,89.99,,,
sales_merged,106.0,3.0,2.0,179.98,2026-01-17,Bluetooth Speaker,Electronics,89.99,,,
sales_merged,107.0,3.0,2.0,179.98,2026-01-09,Bluetooth Speaker,Electronics,89.99,,,
sales_merged,108.0,3.0,3.0,269.97,2026-01-05,Bluetooth Speaker,Electronics,89.99,,,
sales_merged,109.0,3.0,2.0,179.98,2026-02-15,Bluetooth Speaker,Electronics,89.99,,,
sales_merged,110.0,3.0,2.0,179.98,2026-02-27,Bluetooth Speaker,Electronics,89.99,,,
sales_merged,111.0,3.0,2.0,179.98,2026-02-18,Bluetooth Speaker,Electronics,89.99,,,
sales_merged,112.0,3.0,3.0,269.97,2026-02-23,Bluetooth Speaker,Electronics,89.99,,,
sales_merged,113.0,3.0,3.0,269.97,2026-02-10,Bluetooth Speaker,Electronics,89.99,,,
sales_merged,114.0,3.0,3.0,269.97,2026-02-20,Bluetooth Speaker,Electronics,89.99,,,
sales_merged,115.0,3.0,20.0,1799.8,2026-03-22,Bluetooth Speaker,Electronics,89.99,,,
sales_merged,116.0,3.0,3.0,269.97,2026-04-29,Bluetooth Speaker,Electronics,89.99,,,
sales_merged,117.0,3.0,3.0,269.97,2026-04-04,Bluetooth Speaker,Electronics,89.99,,,
sales_merged,118.0,3.0,3.0,269.97,2026-04-24,Bluetooth Speaker,Electronics,89.99,,,
sales_merged,119.0,3.0,3.0,269.97,2026-04-18,Bluetooth Speaker,Electronics,89.99,,,
sales_merged,120.0,3.0,4.0,359.96,2026-04-05,Bluetooth Speaker,Electronics,89.99,,,
sales_merged,121.0,3.0,5.0,449.95,2026-05-07,Bluetooth Speaker,Electronics,89.99,,,
sales_merged,122.0,3.0,5.0,449.95,2026-05-22,Bluetooth Speaker,Electronics,89.99,,,
sales_merged,123.0,3.0,5.0,449.95,2026-05-21,Bluetooth Speaker,Electronics,89.99,,,
sales_merged,124.0,3.0,5.0,449.95,2026-05-28,Bluetooth Speaker,Electronics,89.99,,,
sales_merged,125.0,3.0,5.0,449.95,2026-05-09,Bluetooth Speaker,Electronics,89.99,,,
sales_merged,126.0,3.0,3.0,269.97,2026-06-01,Bluetooth Speaker,Electronics,89.99,,,
sales_merged,127.0,3.0,2.0,179.98,2026-06-11,Bluetooth Speaker,Electronics,89.99,,,
sales_merged,128.0,3.0,3.0,269.97,2026-06-25,Bluetooth Speaker,Electronics,89.99,,,
sales_merged,129.0,3.0,3.0,269.97,2026-06-05,Bluetooth Speaker,Electronics,89.99,,,
sales_merged,130.0,3.0,2.0,179.98,2026-06-21,Bluetooth Speaker,Electronics,89.99,,,
sales_merged,131.0,3.0,3.0,269.97,2026-06-09,Bluetooth Speaker,Electronics,89.99,,,
sales_merged,132.0,3.0,2.0,179.98,2026-06-06,Bluetooth Speaker,Electronics,89.99,,,
sales_merged,133.0,3.0,2.0,179.98,2026-06-24,Bluetooth Speaker,Electronics,89.99,,,
sales_merged,134.0,3.0,3.0,269.97,2026-07-18,Bluetooth Speaker,Electronics,89.99,,,
sales_merged,135.0,3.0,3.0,269.97,2026-07-02,Bluetooth Speaker,Electronics,89.99,,,
sales_merged,136.0,3.0,3.0,269.97,2026-07-27,Bluetooth Speaker,Electronics,89.99,,,
sales_merged,137.0,3.0,3.0,269.97,2026-07-12,Bluetooth Speaker,Electronics,89.99,,,
sales_merged,138.0,3.0,3.0,269.97,2026-07-19,Bluetooth Speaker,Electronics,89.99,,,
sales_merged,139.0,3.0,3.0,269.97,2026-07-18,Bluetooth Speaker,Electronics,89.99,,,
sales_merged,140.0,3.0,3.0,269.97,2026-07-05,Bluetooth Speaker,Electronics,89.99,,,
sales_merged,141.0,3.0,3.0,269.97,2026-07-14,Bluetooth Speaker,Electronics,89.99,,,
sales_merged,142.0,3.0,12.0,1079.88,2026-08-12,Bluetooth Speaker,Electronics,89.99,,,
sales_merged,143.0,3.0,12.0,1079.88,2026-08-29,Bluetooth Speaker,Electronics,89.99,,,
sales_merged,144.0,3.0,13.0,1169.87,2026-08-30,Bluetooth Speaker,Electronics,89.99,,,
sales_merged,145.0,3.0,51.0,4589.49,2026-09-29,Bluetooth Speaker,Electronics,89.99,,,
sales_merged,146.0,4.0,4.0,799.96,2025-10-06,Noise-Cancelling Headphones,Electronics,199.99,,,
sales_merged,147.0,4.0,5.0,999.95,2025-10-24,Noise-Cancelling Headphones,Electronics,199.99,,,
sales_merged,148.0,4.0,5.0,999.95,2025-10-30,Noise-Cancelling Headphones,Electronics,199.99,,,
sales_merged,149.0,4.0,3.0,599.97,2025-11-13,Noise-Cancelling Headphones,Electronics,199.99,,,
sales_merged,150.0,4.0,3.0,599.97,2025-11-28,Noise-Cancelling Headphones,Electronics,199.99,,,
sales_merged,151.0,4.0,4.0,799.96,2025-11-02,Noise-Cancelling Headphones,Electronics,199.99,,,
sales_merged,152.0,4.0,4.0,799.96,2025-11-28,Noise-Cancelling Headphones,Electronics,199.99,,,
sales_merged,153.0,4.0,4.0,799.96,2025-11-16,Noise-Cancelling Headphones,Electronics,199.99,,,
sales_merged,154.0,4.0,4.0,799.96,2025-11-08,Noise-Cancelling Headphones,Electronics,199.99,,,
sales_merged,155.0,4.0,7.0,1399.93,2025-12-27,Noise-Cancelling Headphones,Electronics,199.99,,,
sales_merged,156.0,4.0,6.0,1199.94,2025-12-26,Noise-Cancelling Headphones,Electronics,199.99,,,
sales_merged,157.0,4.0,6.0,1199.94,2025-12-28,Noise-Cancelling Headphones,Electronics,199.99,,,
sales_merged,158.0,4.0,6.0,1199.94,2025-12-08,Noise-Cancelling Headphones,Electronics,199.99,,,
sales_merged,159.0,4.0,7.0,1399.93,2026-01-13,Noise-Cancelling Headphones,Electronics,199.99,,,
sales_merged,160.0,4.0,6.0,1199.94,2026-01-11,Noise-Cancelling Headphones,Electronics,199.99,,,
sales_merged,161.0,4.0,6.0,1199.94,2026-01-09,Noise-Cancelling Headphones,Electronics,199.99,,,
sales_merged,162.0,4.0,7.0,1399.93,2026-01-28,Noise-Cancelling Headphones,Electronics,199.99,,,
sales_merged,163.0,4.0,15.0,2999.85,2026-02-12,Noise-Cancelling Headphones,Electronics,199.99,,,
sales_merged,164.0,4.0,14.0,2799.86,2026-02-21,Noise-Cancelling Headphones,Electronics,199.99,,,
sales_merged,165.0,4.0,5.0,999.95,2026-03-06,Noise-Cancelling Headphones,Electronics,199.99,,,
sales_merged,166.0,4.0,5.0,999.95,2026-03-19,Noise-Cancelling Headphones,Electronics,199.99,,,
sales_merged,167.0,4.0,5.0,999.95,2026-03-31,Noise-Cancelling Headphones,Electronics,199.99,,,
sales_merged,168.0,4.0,5.0,999.95,2026-03-09,Noise-Cancelling Headphones,Electronics,199.99,,,
sales_merged,169.0,4.0,5.0,999.95,2026-03-02,Noise-Cancelling Headphones,Electronics,199.99,,,
sales_merged,170.0,4.0,5.0,999.95,2026-03-04,Noise-Cancelling Headphones,Electronics,199.99,,,
sales_merged,171.0,4.0,5.0,999.95,2026-03-20,Noise-Cancelling Headphones,Electronics,199.99,,,
sales_merged,172.0,4.0,6.0,1199.94,2026-04-13,Noise-Cancelling Headphones,Electronics,199.99,,,
sales_merged,173.0,4.0,6.0,1199.94,2026-04-29,Noise-Cancelling Headphones,Electronics,199.99,,,
sales_merged,174.0,4.0,6.0,1199.94,2026-04-19,Noise-Cancelling Headphones,Electronics,199.99,,,
sales_merged,175.0,4.0,6.0,1199.94,2026-04-07,Noise-Cancelling Headphones,Electronics,199.99,,,
sales_merged,176.0,4.0,5.0,999.95,2026-04-09,Noise-Cancelling Headphones,Electronics,199.99,,,
sales_merged,177.0,4.0,5.0,999.95,2026-04-02,Noise-Cancelling Headphones,Electronics,199.99,,,
sales_merged,178.0,4.0,6.0,1199.94,2026-04-23,Noise-Cancelling Headphones,Electronics,199.99,,,
sales_merged,179.0,4.0,6.0,1199.94,2026-05-03,Noise-Cancelling Headphones,Electronics,199.99,,,
sales_merged,180.0,4.0,6.0,1199.94,2026-05-31,Noise-Cancelling Headphones,Electronics,199.99,,,
sales_merged,181.0,4.0,6.0,1199.94,2026-05-22,Noise-Cancelling Headphones,Electronics,199.99,,,
sales_merged,182.0,4.0,6.0,1199.94,2026-05-30,Noise-Cancelling Headphones,Electronics,199.99,,,
sales_merged,183.0,4.0,6.0,1199.94,2026-05-11,Noise-Cancelling Headphones,Electronics,199.99,,,
sales_merged,184.0,4.0,6.0,1199.94,2026-05-20,Noise-Cancelling Headphones,Electronics,199.99,,,
sales_merged,185.0,4.0,6.0,1199.94,2026-05-11,Noise-Cancelling Headphones,Electronics,199.99,,,
sales_merged,186.0,4.0,24.0,4799.76,2026-06-17,Noise-Cancelling Headphones,Electronics,199.99,,,
sales_merged,187.0,4.0,24.0,4799.76,2026-06-10,Noise-Cancelling Headphones,Electronics,199.99,,,
sales_merged,188.0,4.0,7.0,1399.93,2026-07-22,Noise-Cancelling Headphones,Electronics,199.99,,,
sales_merged,189.0,4.0,6.0,1199.94,2026-07-31,Noise-Cancelling Headphones,Electronics,199.99,,,
sales_merged,190.0,4.0,7.0,1399.93,2026-07-13,Noise-Cancelling Headphones,Electronics,199.99,,,
sales_merged,191.0,4.0,7.0,1399.93,2026-07-22,Noise-Cancelling Headphones,Electronics,199.99,,,
sales_merged,192.0,4.0,6.0,1199.94,2026-07-24,Noise-Cancelling Headphones,Electronics,199.99,,,
sales_merged,193.0,4.0,7.0,1399.93,2026-07-29,Noise-Cancelling Headphones,Electronics,199.99,,,
sales_merged,194.0,4.0,7.0,1399.93,2026-07-06,Noise-Cancelling Headphones,Electronics,199.99,,,
sales_merged,195.0,4.0,13.0,2599.87,2026-08-07,Noise-Cancelling Headphones,Electronics,199.99,,,
sales_merged,196.0,4.0,13.0,2599.87,2026-08-14,Noise-Cancelling Headphones,Electronics,199.99,,,
sales_merged,197.0,4.0,13.0,2599.87,2026-08-26,Noise-Cancelling Headphones,Electronics,199.99,,,
sales_merged,198.0,4.0,14.0,2799.86,2026-08-19,Noise-Cancelling Headphones,Electronics,199.99,,,
sales_merged,199.0,4.0,13.0,2599.87,2026-08-20,Noise-Cancelling Headphones,Electronics,199.99,,,
sales_merged,200.0,4.0,16.0,3199.84,2026-09-17,Noise-Cancelling Headphones,Electronics,199.99,,,
sales_merged,201.0,4.0,16.0,3199.84,2026-09-16,Noise-Cancelling Headphones,Electronics,199.99,,,
sales_merged,202.0,4.0,16.0,3199.84,2026-09-26,Noise-Cancelling Headphones,Electronics,199.99,,,
sales_merged,203.0,4.0,16.0,3199.84,2026-09-29,Noise-Cancelling Headphones,Electronics,199.99,,,
sales_merged,204.0,4.0,16.0,3199.84,2026-09-26,Noise-Cancelling Headphones,Electronics,199.99,,,
sales_merged,205.0,4.0,16.0,3199.84,2026-09-24,Noise-Cancelling Headphones,Electronics,199.99,,,
sales_merged,206.0,5.0,2.0,12.98,2025-10-16,Ballpoint Pens (12-Pack),Office Supplies,6.49,,,
sales_merged,207.0,5.0,1.0,6.49,2025-10-13,Ballpoint Pens (12-Pack),Office Supplies,6.49,,,
sales_merged,208.0,5.0,1.0,6.49,2025-10-08,Ballpoint Pens (12-Pack),Office Supplies,6.49,,,
sales_merged,209.0,5.0,1.0,6.49,2025-10-05,Ballpoint Pens (12-Pack),Office Supplies,6.49,,,
sales_merged,210.0,5.0,1.0,6.49,2025-10-21,Ballpoint Pens (12-Pack),Office Supplies,6.49,,,
sales_merged,211.0,5.0,1.0,6.49,2025-10-23,Ballpoint Pens (12-Pack),Office Supplies,6.49,,,
sales_merged,212.0,5.0,1.0,6.49,2025-10-01,Ballpoint Pens (12-Pack),Office Supplies,6.49,,,
sales_merged,213.0,5.0,1.0,6.49,2025-10-29,Ballpoint Pens (12-Pack),Office Supplies,6.49,,,
sales_merged,214.0,5.0,6.0,38.94,2025-11-08,Ballpoint Pens (12-Pack),Office Supplies,6.49,,,
sales_merged,215.0,5.0,6.0,38.94,2025-11-06,Ballpoint Pens (12-Pack),Office Supplies,6.49,,,
sales_merged,216.0,5.0,3.0,19.47,2025-12-22,Ballpoint Pens (12-Pack),Office Supplies,6.49,,,
sales_merged,217.0,5.0,2.0,12.98,2025-12-17,Ballpoint Pens (12-Pack),Office Supplies,6.49,,,
sales_merged,218.0,5.0,2.0,12.98,2025-12-18,Ballpoint Pens (12-Pack),Office Supplies,6.49,,,
sales_merged,219.0,5.0,2.0,12.98,2025-12-20,Ballpoint Pens (12-Pack),Office Supplies,6.49,,,
sales_merged,220.0,5.0,2.0,12.98,2025-12-11,Ballpoint Pens (12-Pack),Office Supplies,6.49,,,
sales_merged,221.0,5.0,3.0,19.47,2025-12-31,Ballpoint Pens (12-Pack),Office Supplies,6.49,,,
sales_merged,222.0,5.0,2.0,12.98,2025-12-25,Ballpoint Pens (12-Pack),Office Supplies,6.49,,,
sales_merged,223.0,5.0,3.0,19.47,2025-12-29,Ballpoint Pens (12-Pack),Office Supplies,6.49,,,
sales_merged,224.0,5.0,3.0,19.47,2026-01-15,Ballpoint Pens (12-Pack),Office Supplies,6.49,,,
sales_merged,225.0,5.0,3.0,19.47,2026-01-09,Ballpoint Pens (12-Pack),Office Supplies,6.49,,,
sales_merged,226.0,5.0,3.0,19.47,2026-01-25,Ballpoint Pens (12-Pack),Office Supplies,6.49,,,
sales_merged,227.0,5.0,3.0,19.47,2026-01-08,Ballpoint Pens (12-Pack),Office Supplies,6.49,,,
sales_merged,228.0,5.0,3.0,19.47,2026-01-27,Ballpoint Pens (12-Pack),Office Supplies,6.49,,,
sales_merged,229.0,5.0,3.0,19.47,2026-01-21,Ballpoint Pens (12-Pack),Office Supplies,6.49,,,
sales_merged,230.0,5.0,2.0,12.98,2026-01-09,Ballpoint Pens (12-Pack),Office Supplies,6.49,,,
sales_merged,231.0,5.0,2.0,12.98,2026-01-25,Ballpoint Pens (12-Pack),Office Supplies,6.49,,,
sales_merged,232.0,5.0,2.0,12.98,2026-02-11,Ballpoint Pens (12-Pack),Office Supplies,6.49,,,
sales_merged,233.0,5.0,3.0,19.47,2026-02-11,Ballpoint Pens (12-Pack),Office Supplies,6.49,,,
sales_merged,234.0,5.0,3.0,19.47,2026-02-18,Ballpoint Pens (12-Pack),Office Supplies,6.49,,,
sales_merged,235.0,5.0,2.0,12.98,2026-02-03,Ballpoint Pens (12-Pack),Office Supplies,6.49,,,
sales_merged,236.0,5.0,3.0,19.47,2026-02-05,Ballpoint Pens (12-Pack),Office Supplies,6.49,,,
sales_merged,237.0,5.0,2.0,12.98,2026-02-05,Ballpoint Pens (12-Pack),Office Supplies,6.49,,,
sales_merged,238.0,5.0,3.0,19.47,2026-02-08,Ballpoint Pens (12-Pack),Office Supplies,6.49,,,
sales_merged,239.0,5.0,3.0,19.47,2026-02-13,Ballpoint Pens (12-Pack),Office Supplies,6.49,,,
sales_merged,240.0,5.0,9.0,58.41,2026-03-03,Ballpoint Pens (12-Pack),Office Supplies,6.49,,,
sales_merged,241.0,5.0,9.0,58.41,2026-03-14,Ballpoint Pens (12-Pack),Office Supplies,6.49,,,
sales_merged,242.0,5.0,9.0,58.41,2026-03-14,Ballpoint Pens (12-Pack),Office Supplies,6.49,,,
sales_merged,243.0,5.0,5.0,32.45,2026-04-27,Ballpoint Pens (12-Pack),Office Supplies,6.49,,,
sales_merged,244.0,5.0,5.0,32.45,2026-04-14,Ballpoint Pens (12-Pack),Office Supplies,6.49,,,
sales_merged,245.0,5.0,5.0,32.45,2026-04-13,Ballpoint Pens (12-Pack),Office Supplies,6.49,,,
sales_merged,246.0,5.0,5.0,32.45,2026-04-29,Ballpoint Pens (12-Pack),Office Supplies,6.49,,,
sales_merged,247.0,5.0,5.0,32.45,2026-04-25,Ballpoint Pens (12-Pack),Office Supplies,6.49,,,
sales_merged,248.0,5.0,5.0,32.45,2026-04-19,Ballpoint Pens (12-Pack),Office Supplies,6.49,,,
sales_merged,249.0,5.0,32.0,207.68,2026-05-28,Ballpoint Pens (12-Pack),Office Supplies,6.49,,,
sales_merged,250.0,5.0,4.0,25.96,2026-06-18,Ballpoint Pens (12-Pack),Office Supplies,6.49,,,
sales_merged,251.0,5.0,4.0,25.96,2026-06-24,Ballpoint Pens (12-Pack),Office Supplies,6.49,,,
sales_merged,252.0,5.0,5.0,32.45,2026-06-24,Ballpoint Pens (12-Pack),Office Supplies,6.49,,,
sales_merged,253.0,5.0,4.0,25.96,2026-06-18,Ballpoint Pens (12-Pack),Office Supplies,6.49,,,
sales_merged,254.0,5.0,5.0,32.45,2026-06-26,Ballpoint Pens (12-Pack),Office Supplies,6.49,,,
sales_merged,255.0,5.0,5.0,32.45,2026-06-20,Ballpoint Pens (12-Pack),Office Supplies,6.49,,,
sales_merged,256.0,5.0,5.0,32.45,2026-06-29,Ballpoint Pens (12-Pack),Office Supplies,6.49,,,
sales_merged,257.0,5.0,9.0,58.41,2026-07-14,Ballpoint Pens (12-Pack),Office Supplies,6.49,,,
sales_merged,258.0,5.0,9.0,58.41,2026-07-16,Ballpoint Pens (12-Pack),Office Supplies,6.49,,,
sales_merged,259.0,5.0,9.0,58.41,2026-07-01,Ballpoint Pens (12-Pack),Office Supplies,6.49,,,
sales_merged,260.0,5.0,9.0,58.41,2026-07-13,Ballpoint Pens (12-Pack),Office Supplies,6.49,,,
sales_merged,261.0,5.0,7.0,45.43,2026-08-20,Ballpoint Pens (12-Pack),Office Supplies,6.49,,,
sales_merged,262.0,5.0,7.0,45.43,2026-08-18,Ballpoint Pens (12-Pack),Office Supplies,6.49,,,
sales_merged,263.0,5.0,6.0,38.94,2026-08-01,Ballpoint Pens (12-Pack),Office Supplies,6.49,,,
sales_merged,264.0,5.0,7.0,45.43,2026-08-30,Ballpoint Pens (12-Pack),Office Supplies,6.49,,,
sales_merged,265.0,5.0,7.0,45.43,2026-08-13,Ballpoint Pens (12-Pack),Office Supplies,6.49,,,
sales_merged,266.0,5.0,6.0,38.94,2026-08-19,Ballpoint Pens (12-Pack),Office Supplies,6.49,,,
sales_merged,267.0,5.0,51.0,330.99,2026-09-03,Ballpoint Pens (12-Pack),Office Supplies,6.49,,,
sales_merged,268.0,6.0,7.0,69.93,2025-10-16,Stapler,Office Supplies,9.99,,,
sales_merged,269.0,6.0,5.0,49.95,2025-11-24,Stapler,Office Supplies,9.99,,,
sales_merged,270.0,6.0,8.0,79.92,2025-12-31,Stapler,Office Supplies,9.99,,,
sales_merged,271.0,6.0,2.0,19.98,2026-01-25,Stapler,Office Supplies,9.99,,,
sales_merged,272.0,6.0,2.0,19.98,2026-01-31,Stapler,Office Supplies,9.99,,,
sales_merged,273.0,6.0,2.0,19.98,2026-01-21,Stapler,Office Supplies,9.99,,,
sales_merged,274.0,6.0,9.0,89.91,2026-02-25,Stapler,Office Supplies,9.99,,,
sales_merged,275.0,6.0,10.0,99.9,2026-03-31,Stapler,Office Supplies,9.99,,,
sales_merged,276.0,6.0,3.0,29.97,2026-04-08,Stapler,Office Supplies,9.99,,,
sales_merged,277.0,6.0,3.0,29.97,2026-04-05,Stapler,Office Supplies,9.99,,,
sales_merged,278.0,6.0,3.0,29.97,2026-04-16,Stapler,Office Supplies,9.99,,,
sales_merged,279.0,6.0,3.0,29.97,2026-04-22,Stapler,Office Supplies,9.99,,,
sales_merged,280.0,6.0,8.0,79.92,2026-05-15,Stapler,Office Supplies,9.99,,,
sales_merged,281.0,6.0,9.0,89.91,2026-05-23,Stapler,Office Supplies,9.99,,,
sales_merged,282.0,6.0,3.0,29.97,2026-06-25,Stapler,Office Supplies,9.99,,,
sales_merged,283.0,6.0,3.0,29.97,2026-06-27,Stapler,Office Supplies,9.99,,,
sales_merged,284.0,6.0,3.0,29.97,2026-06-06,Stapler,Office Supplies,9.99,,,
sales_merged,285.0,6.0,3.0,29.97,2026-06-10,Stapler,Office Supplies,9.99,,,
sales_merged,286.0,6.0,3.0,29.97,2026-06-04,Stapler,Office Supplies,9.99,,,
sales_merged,287.0,6.0,20.0,199.8,2026-07-30,Stapler,Office Supplies,9.99,,,
sales_merged,288.0,6.0,5.0,49.95,2026-08-03,Stapler,Office Supplies,9.99,,,
sales_merged,289.0,6.0,5.0,49.95,2026-08-19,Stapler,Office Supplies,9.99,,,
sales_merged,290.0,6.0,5.0,49.95,2026-08-23,Stapler,Office Supplies,9.99,,,
sales_merged,291.0,6.0,5.0,49.95,2026-08-27,Stapler,Office Supplies,9.99,,,
sales_merged,292.0,6.0,4.0,39.96,2026-08-21,Stapler,Office Supplies,9.99,,,
sales_merged,293.0,6.0,5.0,49.95,2026-09-28,Stapler,Office Supplies,9.99,,,
sales_merged,294.0,6.0,6.0,59.94,2026-09-22,Stapler,Office Supplies,9.99,,,
sales_merged,295.0,6.0,6.0,59.94,2026-09-20,Stapler,Office Supplies,9.99,,,
sales_merged,296.0,6.0,6.0,59.94,2026-09-26,Stapler,Office Supplies,9.99,,,
sales_merged,297.0,7.0,2.0,16.98,2025-10-15,Printer Paper (500 Sheets),Uncategorized,8.49,,,
sales_merged,298.0,7.0,1.0,8.49,2025-10-14,Printer Paper (500 Sheets),Uncategorized,8.49,,,
sales_merged,299.0,7.0,1.0,8.49,2025-10-27,Printer Paper (500 Sheets),Uncategorized,8.49,,,
sales_merged,300.0,7.0,1.0,8.49,2025-10-24,Printer Paper (500 Sheets),Uncategorized,8.49,,,
sales_merged,301.0,7.0,2.0,16.98,2025-10-19,Printer Paper (500 Sheets),Uncategorized,8.49,,,
sales_merged,302.0,7.0,2.0,16.98,2025-10-09,Printer Paper (500 Sheets),Uncategorized,8.49,,,
sales_merged,303.0,7.0,2.0,16.98,2025-10-11,Printer Paper (500 Sheets),Uncategorized,8.49,,,
sales_merged,304.0,7.0,2.0,16.98,2025-10-28,Printer Paper (500 Sheets),Uncategorized,8.49,,,
sales_merged,305.0,7.0,6.0,50.94,2025-11-08,Printer Paper (500 Sheets),Uncategorized,8.49,,,
sales_merged,306.0,7.0,7.0,59.43,2025-11-25,Printer Paper (500 Sheets),Uncategorized,8.49,,,
sales_merged,307.0,7.0,7.0,59.43,2025-11-15,Printer Paper (500 Sheets),Uncategorized,8.49,,,
sales_merged,308.0,7.0,7.0,59.43,2025-11-19,Printer Paper (500 Sheets),Uncategorized,8.49,,,
sales_merged,309.0,7.0,4.0,33.96,2025-12-07,Printer Paper (500 Sheets),Uncategorized,8.49,,,
sales_merged,310.0,7.0,4.0,33.96,2025-12-12,Printer Paper (500 Sheets),Uncategorized,8.49,,,
sales_merged,311.0,7.0,4.0,33.96,2025-12-26,Printer Paper (500 Sheets),Uncategorized,8.49,,,
sales_merged,312.0,7.0,4.0,33.96,2025-12-09,Printer Paper (500 Sheets),Uncategorized,8.49,,,
sales_merged,313.0,7.0,4.0,33.96,2025-12-11,Printer Paper (500 Sheets),Uncategorized,8.49,,,
sales_merged,314.0,7.0,5.0,42.45,2025-12-09,Printer Paper (500 Sheets),Uncategorized,8.49,,,
sales_merged,315.0,7.0,4.0,33.96,2025-12-29,Printer Paper (500 Sheets),Uncategorized,8.49,,,
sales_merged,316.0,7.0,6.0,50.94,2026-01-03,Printer Paper (500 Sheets),Uncategorized,8.49,,,
sales_merged,317.0,7.0,6.0,50.94,2026-01-08,Printer Paper (500 Sheets),Uncategorized,8.49,,,
sales_merged,318.0,7.0,6.0,50.94,2026-01-24,Printer Paper (500 Sheets),Uncategorized,8.49,,,
sales_merged,319.0,7.0,6.0,50.94,2026-01-14,Printer Paper (500 Sheets),Uncategorized,8.49,,,
sales_merged,320.0,7.0,5.0,42.45,2026-01-16,Printer Paper (500 Sheets),Uncategorized,8.49,,,
sales_merged,321.0,7.0,8.0,67.92,2026-02-15,Printer Paper (500 Sheets),Uncategorized,8.49,,,
sales_merged,322.0,7.0,8.0,67.92,2026-02-26,Printer Paper (500 Sheets),Uncategorized,8.49,,,
sales_merged,323.0,7.0,8.0,67.92,2026-02-01,Printer Paper (500 Sheets),Uncategorized,8.49,,,
sales_merged,324.0,7.0,7.0,59.43,2026-02-03,Printer Paper (500 Sheets),Uncategorized,8.49,,,
sales_merged,325.0,7.0,7.0,59.43,2026-03-10,Printer Paper (500 Sheets),Uncategorized,8.49,,,
sales_merged,326.0,7.0,7.0,59.43,2026-03-22,Printer Paper (500 Sheets),Uncategorized,8.49,,,
sales_merged,327.0,7.0,7.0,59.43,2026-03-19,Printer Paper (500 Sheets),Uncategorized,8.49,,,
sales_merged,328.0,7.0,7.0,59.43,2026-03-12,Printer Paper (500 Sheets),Uncategorized,8.49,,,
sales_merged,329.0,7.0,7.0,59.43,2026-03-16,Printer Paper (500 Sheets),Uncategorized,8.49,,,
sales_merged,330.0,7.0,7.0,59.43,2026-04-09,Printer Paper (500 Sheets),Uncategorized,8.49,,,
sales_merged,331.0,7.0,6.0,50.94,2026-04-10,Printer Paper (500 Sheets),Uncategorized,8.49,,,
sales_merged,332.0,7.0,7.0,59.43,2026-04-09,Printer Paper (500 Sheets),Uncategorized,8.49,,,
sales_merged,333.0,7.0,7.0,59.43,2026-04-08,Printer Paper (500 Sheets),Uncategorized,8.49,,,
sales_merged,334.0,7.0,6.0,50.94,2026-04-04,Printer Paper (500 Sheets),Uncategorized,8.49,,,
sales_merged,335.0,7.0,7.0,59.43,2026-04-24,Printer Paper (500 Sheets),Uncategorized,8.49,,,
sales_merged,336.0,7.0,11.0,93.39,2026-05-07,Printer Paper (500 Sheets),Uncategorized,8.49,,,
sales_merged,337.0,7.0,11.0,93.39,2026-05-07,Printer Paper (500 Sheets),Uncategorized,8.49,,,
sales_merged,338.0,7.0,11.0,93.39,2026-05-24,Printer Paper (500 Sheets),Uncategorized,8.49,,,
sales_merged,339.0,7.0,11.0,93.39,2026-05-16,Printer Paper (500 Sheets),Uncategorized,8.49,,,
sales_merged,340.0,7.0,11.0,93.39,2026-06-10,Printer Paper (500 Sheets),Uncategorized,8.49,,,
sales_merged,341.0,7.0,10.0,84.9,2026-06-08,Printer Paper (500 Sheets),Uncategorized,8.49,,,
sales_merged,342.0,7.0,11.0,93.39,2026-06-12,Printer Paper (500 Sheets),Uncategorized,8.49,,,
sales_merged,343.0,7.0,11.0,93.39,2026-06-06,Printer Paper (500 Sheets),Uncategorized,8.49,,,
sales_merged,344.0,7.0,10.0,84.9,2026-06-10,Printer Paper (500 Sheets),Uncategorized,8.49,,,
sales_merged,345.0,7.0,57.0,483.93,2026-07-23,Printer Paper (500 Sheets),Uncategorized,8.49,,,
sales_merged,346.0,7.0,20.0,169.8,2026-08-02,Printer Paper (500 Sheets),Uncategorized,8.49,,,
sales_merged,347.0,7.0,21.0,178.29,2026-08-18,Printer Paper (500 Sheets),Uncategorized,8.49,,,
sales_merged,348.0,7.0,20.0,169.8,2026-08-10,Printer Paper (500 Sheets),Uncategorized,8.49,,,
sales_merged,349.0,7.0,27.0,229.23,2026-09-04,Printer Paper (500 Sheets),Uncategorized,8.49,,,
sales_merged,350.0,7.0,27.0,229.23,2026-09-28,Printer Paper (500 Sheets),Uncategorized,8.49,,,
sales_merged,351.0,7.0,27.0,229.23,2026-09-01,Printer Paper (500 Sheets),Uncategorized,8.49,,,
sales_merged,352.0,8.0,3.0,1049.97,2025-10-03,Standing Desk,Uncategorized,349.99,,,
sales_merged,353.0,8.0,3.0,1049.97,2025-10-08,Standing Desk,Uncategorized,349.99,,,
sales_merged,354.0,8.0,2.0,699.98,2025-10-04,Standing Desk,Uncategorized,349.99,,,
sales_merged,355.0,8.0,2.0,699.98,2025-11-15,Standing Desk,Uncategorized,349.99,,,
sales_merged,356.0,8.0,1.0,349.99,2025-11-30,Standing Desk,Uncategorized,349.99,,,
sales_merged,357.0,8.0,2.0,699.98,2025-11-15,Standing Desk,Uncategorized,349.99,,,
sales_merged,358.0,8.0,2.0,699.98,2025-11-10,Standing Desk,Uncategorized,349.99,,,
sales_merged,359.0,8.0,1.0,349.99,2025-11-28,Standing Desk,Uncategorized,349.99,,,
sales_merged,360.0,8.0,1.0,349.99,2025-11-19,Standing Desk,Uncategorized,349.99,,,
sales_merged,361.0,8.0,1.0,349.99,2025-11-14,Standing Desk,Uncategorized,349.99,,,
sales_merged,362.0,8.0,3.0,1049.97,2025-12-31,Standing Desk,Uncategorized,349.99,,,
sales_merged,363.0,8.0,2.0,699.98,2025-12-25,Standing Desk,Uncategorized,349.99,,,
sales_merged,364.0,8.0,2.0,699.98,2025-12-07,Standing Desk,Uncategorized,349.99,,,
sales_merged,365.0,8.0,3.0,1049.97,2025-12-21,Standing Desk,Uncategorized,349.99,,,
sales_merged,366.0,8.0,2.0,699.98,2025-12-07,Standing Desk,Uncategorized,349.99,,,
sales_merged,367.0,8.0,2.0,699.98,2026-01-18,Standing Desk,Uncategorized,349.99,,,
sales_merged,368.0,8.0,2.0,699.98,2026-01-03,Standing Desk,Uncategorized,349.99,,,
sales_merged,369.0,8.0,2.0,699.98,2026-01-06,Standing Desk,Uncategorized,349.99,,,
sales_merged,370.0,8.0,3.0,1049.97,2026-01-01,Standing Desk,Uncategorized,349.99,,,
sales_merged,371.0,8.0,3.0,1049.97,2026-01-14,Standing Desk,Uncategorized,349.99,,,
sales_merged,372.0,8.0,1.0,349.99,2026-02-23,Standing Desk,Uncategorized,349.99,,,
sales_merged,373.0,8.0,1.0,349.99,2026-02-28,Standing Desk,Uncategorized,349.99,,,
sales_merged,374.0,8.0,1.0,349.99,2026-02-15,Standing Desk,Uncategorized,349.99,,,
sales_merged,375.0,8.0,1.0,349.99,2026-02-03,Standing Desk,Uncategorized,349.99,,,
sales_merged,376.0,8.0,2.0,699.98,2026-02-22,Standing Desk,Uncategorized,349.99,,,
sales_merged,377.0,8.0,2.0,699.98,2026-02-08,Standing Desk,Uncategorized,349.99,,,
sales_merged,378.0,8.0,2.0,699.98,2026-02-09,Standing Desk,Uncategorized,349.99,,,
sales_merged,379.0,8.0,1.0,349.99,2026-02-26,Standing Desk,Uncategorized,349.99,,,
sales_merged,380.0,8.0,5.0,1749.95,2026-03-21,Standing Desk,Uncategorized,349.99,,,
sales_merged,381.0,8.0,5.0,1749.95,2026-03-05,Standing Desk,Uncategorized,349.99,,,
sales_merged,382.0,8.0,5.0,1749.95,2026-03-30,Standing Desk,Uncategorized,349.99,,,
sales_merged,383.0,8.0,5.0,1749.95,2026-03-09,Standing Desk,Uncategorized,349.99,,,
sales_merged,384.0,8.0,6.0,2099.94,2026-04-06,Standing Desk,Uncategorized,349.99,,,
sales_merged,385.0,8.0,6.0,2099.94,2026-04-26,Standing Desk,Uncategorized,349.99,,,
sales_merged,386.0,8.0,7.0,2449.93,2026-04-10,Standing Desk,Uncategorized,349.99,,,
sales_merged,387.0,8.0,4.0,1399.96,2026-05-23,Standing Desk,Uncategorized,349.99,,,
sales_merged,388.0,8.0,5.0,1749.95,2026-05-13,Standing Desk,Uncategorized,349.99,,,
sales_merged,389.0,8.0,5.0,1749.95,2026-05-31,Standing Desk,Uncategorized,349.99,,,
sales_merged,390.0,8.0,5.0,1749.95,2026-05-09,Standing Desk,Uncategorized,349.99,,,
sales_merged,391.0,8.0,5.0,1749.95,2026-05-17,Standing Desk,Uncategorized,349.99,,,
sales_merged,392.0,8.0,3.0,1049.97,2026-06-20,Standing Desk,Uncategorized,349.99,,,
sales_merged,393.0,8.0,3.0,1049.97,2026-06-09,Standing Desk,Uncategorized,349.99,,,
sales_merged,394.0,8.0,3.0,1049.97,2026-06-01,Standing Desk,Uncategorized,349.99,,,
sales_merged,395.0,8.0,3.0,1049.97,2026-06-03,Standing Desk,Uncategorized,349.99,,,
sales_merged,396.0,8.0,3.0,1049.97,2026-06-08,Standing Desk,Uncategorized,349.99,,,
sales_merged,397.0,8.0,3.0,1049.97,2026-06-22,Standing Desk,Uncategorized,349.99,,,
sales_merged,398.0,8.0,3.0,1049.97,2026-06-27,Standing Desk,Uncategorized,349.99,,,
sales_merged,399.0,8.0,2.0,699.98,2026-06-28,Standing Desk,Uncategorized,349.99,,,
sales_merged,400.0,8.0,22.0,7699.78,2026-07-25,Standing Desk,Uncategorized,349.99,,,
sales_merged,401.0,8.0,6.0,2099.94,2026-08-17,Standing Desk,Uncategorized,349.99,,,
sales_merged,402.0,8.0,6.0,2099.94,2026-08-21,Standing Desk,Uncategorized,349.99,,,
sales_merged,403.0,8.0,6.0,2099.94,2026-08-15,Standing Desk,Uncategorized,349.99,,,
sales_merged,404.0,8.0,7.0,2449.93,2026-08-30,Standing Desk,Uncategorized,349.99,,,
sales_merged,405.0,8.0,6.0,2099.94,2026-08-09,Standing Desk,Uncategorized,349.99,,,
sales_merged,406.0,8.0,11.0,3849.89,2026-09-21,Standing Desk,Uncategorized,349.99,,,
sales_merged,407.0,8.0,11.0,3849.89,2026-09-27,Standing Desk,Uncategorized,349.99,,,
sales_merged,408.0,8.0,11.0,3849.89,2026-09-16,Standing Desk,Uncategorized,349.99,,,
sales_merged,409.0,9.0,8.0,2239.92,2025-10-09,Ergonomic Office Chair,Furniture,279.99,,,
sales_merged,410.0,9.0,7.0,1959.93,2025-10-11,Ergonomic Office Chair,Furniture,279.99,,,
sales_merged,411.0,9.0,8.0,2239.92,2025-11-28,Ergonomic Office Chair,Furniture,279.99,,,
sales_merged,412.0,9.0,8.0,2239.92,2025-11-17,Ergonomic Office Chair,Furniture,279.99,,,
sales_merged,413.0,9.0,18.0,5039.82,2025-12-22,Ergonomic Office Chair,Furniture,279.99,,,
sales_merged,414.0,9.0,2.0,559.98,2026-01-21,Ergonomic Office Chair,Furniture,279.99,,,
sales_merged,415.0,9.0,2.0,559.98,2026-01-15,Ergonomic Office Chair,Furniture,279.99,,,
sales_merged,416.0,9.0,3.0,839.97,2026-01-25,Ergonomic Office Chair,Furniture,279.99,,,
sales_merged,417.0,9.0,3.0,839.97,2026-01-02,Ergonomic Office Chair,Furniture,279.99,,,
sales_merged,418.0,9.0,2.0,559.98,2026-01-07,Ergonomic Office Chair,Furniture,279.99,,,
sales_merged,419.0,9.0,3.0,839.97,2026-01-09,Ergonomic Office Chair,Furniture,279.99,,,
sales_merged,420.0,9.0,3.0,839.97,2026-01-18,Ergonomic Office Chair,Furniture,279.99,,,
sales_merged,421.0,9.0,2.0,559.98,2026-01-05,Ergonomic Office Chair,Furniture,279.99,,,
sales_merged,422.0,9.0,4.0,1119.96,2026-02-21,Ergonomic Office Chair,Furniture,279.99,,,
sales_merged,423.0,9.0,4.0,1119.96,2026-02-20,Ergonomic Office Chair,Furniture,279.99,,,
sales_merged,424.0,9.0,4.0,1119.96,2026-02-26,Ergonomic Office Chair,Furniture,279.99,,,
sales_merged,425.0,9.0,3.0,839.97,2026-02-08,Ergonomic Office Chair,Furniture,279.99,,,
sales_merged,426.0,9.0,4.0,1119.96,2026-02-23,Ergonomic Office Chair,Furniture,279.99,,,
sales_merged,427.0,9.0,7.0,1959.93,2026-03-18,Ergonomic Office Chair,Furniture,279.99,,,
sales_merged,428.0,9.0,8.0,2239.92,2026-03-14,Ergonomic Office Chair,Furniture,279.99,,,
sales_merged,429.0,9.0,8.0,2239.92,2026-03-03,Ergonomic Office Chair,Furniture,279.99,,,
sales_merged,430.0,9.0,7.0,1959.93,2026-04-21,Ergonomic Office Chair,Furniture,279.99,,,
sales_merged,431.0,9.0,7.0,1959.93,2026-04-27,Ergonomic Office Chair,Furniture,279.99,,,
sales_merged,432.0,9.0,7.0,1959.93,2026-04-05,Ergonomic Office Chair,Furniture,279.99,,,
sales_merged,433.0,9.0,7.0,1959.93,2026-04-16,Ergonomic Office Chair,Furniture,279.99,,,
sales_merged,434.0,9.0,7.0,1959.93,2026-05-16,Ergonomic Office Chair,Furniture,279.99,,,
sales_merged,435.0,9.0,6.0,1679.94,2026-05-08,Ergonomic Office Chair,Furniture,279.99,,,
sales_merged,436.0,9.0,7.0,1959.93,2026-05-15,Ergonomic Office Chair,Furniture,279.99,,,
sales_merged,437.0,9.0,6.0,1679.94,2026-05-18,Ergonomic Office Chair,Furniture,279.99,,,
sales_merged,438.0,9.0,6.0,1679.94,2026-05-05,Ergonomic Office Chair,Furniture,279.99,,,
sales_merged,439.0,9.0,5.0,1399.95,2026-06-25,Ergonomic Office Chair,Furniture,279.99,,,
sales_merged,440.0,9.0,5.0,1399.95,2026-06-26,Ergonomic Office Chair,Furniture,279.99,,,
sales_merged,441.0,9.0,6.0,1679.94,2026-06-28,Ergonomic Office Chair,Furniture,279.99,,,
sales_merged,442.0,9.0,5.0,1399.95,2026-06-14,Ergonomic Office Chair,Furniture,279.99,,,
sales_merged,443.0,9.0,5.0,1399.95,2026-06-11,Ergonomic Office Chair,Furniture,279.99,,,
sales_merged,444.0,9.0,5.0,1399.95,2026-06-30,Ergonomic Office Chair,Furniture,279.99,,,
sales_merged,445.0,9.0,5.0,1399.95,2026-06-26,Ergonomic Office Chair,Furniture,279.99,,,
sales_merged,446.0,9.0,7.0,1959.93,2026-07-27,Ergonomic Office Chair,Furniture,279.99,,,
sales_merged,447.0,9.0,8.0,2239.92,2026-07-19,Ergonomic Office Chair,Furniture,279.99,,,
sales_merged,448.0,9.0,7.0,1959.93,2026-07-19,Ergonomic Office Chair,Furniture,279.99,,,
sales_merged,449.0,9.0,8.0,2239.92,2026-07-22,Ergonomic Office Chair,Furniture,279.99,,,
sales_merged,450.0,9.0,8.0,2239.92,2026-07-16,Ergonomic Office Chair,Furniture,279.99,,,
sales_merged,451.0,9.0,16.0,4479.84,2026-08-12,Ergonomic Office Chair,Furniture,279.99,,,
sales_merged,452.0,9.0,15.0,4199.85,2026-08-11,Ergonomic Office Chair,Furniture,279.99,,,
sales_merged,453.0,9.0,16.0,4479.84,2026-08-18,Ergonomic Office Chair,Furniture,279.99,,,
sales_merged,454.0,9.0,9.0,2519.91,2026-09-08,Ergonomic Office Chair,Furniture,279.99,,,
sales_merged,455.0,9.0,8.0,2239.92,2026-09-28,Ergonomic Office Chair,Furniture,279.99,,,
sales_merged,456.0,9.0,8.0,2239.92,2026-09-25,Ergonomic Office Chair,Furniture,279.99,,,
sales_merged,457.0,9.0,8.0,2239.92,2026-09-14,Ergonomic Office Chair,Furniture,279.99,,,
sales_merged,458.0,9.0,9.0,2519.91,2026-09-02,Ergonomic Office Chair,Furniture,279.99,,,
sales_merged,459.0,9.0,9.0,2519.91,2026-09-11,Ergonomic Office Chair,Furniture,279.99,,,
sales_merged,460.0,9.0,8.0,2239.92,2026-09-24,Ergonomic Office Chair,Furniture,279.99,,,
sales_merged,461.0,10.0,2.0,89.98,2025-10-03,Monitor Arm,Furniture,44.99,,,
sales_merged,462.0,10.0,1.0,44.99,2025-10-16,Monitor Arm,Furniture,44.99,,,
sales_merged,463.0,10.0,1.0,44.99,2025-10-26,Monitor Arm,Furniture,44.99,,,
sales_merged,464.0,10.0,1.0,44.99,2025-10-09,Monitor Arm,Furniture,44.99,,,
sales_merged,465.0,10.0,2.0,89.98,2025-10-11,Monitor Arm,Furniture,44.99,,,
sales_merged,466.0,10.0,1.0,44.99,2025-10-20,Monitor Arm,Furniture,44.99,,,
sales_merged,467.0,10.0,1.0,44.99,2025-10-23,Monitor Arm,Furniture,44.99,,,
sales_merged,468.0,10.0,2.0,89.98,2025-10-13,Monitor Arm,Furniture,44.99,,,
sales_merged,469.0,10.0,10.0,449.9,2025-11-28,Monitor Arm,Furniture,44.99,,,
sales_merged,470.0,10.0,9.0,404.91,2025-11-22,Monitor Arm,Furniture,44.99,,,
sales_merged,471.0,10.0,3.0,134.97,2025-12-08,Monitor Arm,Furniture,44.99,,,
sales_merged,472.0,10.0,2.0,89.98,2025-12-21,Monitor Arm,Furniture,44.99,,,
sales_merged,473.0,10.0,2.0,89.98,2025-12-22,Monitor Arm,Furniture,44.99,,,
sales_merged,474.0,10.0,3.0,134.97,2025-12-30,Monitor Arm,Furniture,44.99,,,
sales_merged,475.0,10.0,3.0,134.97,2025-12-10,Monitor Arm,Furniture,44.99,,,
sales_merged,476.0,10.0,2.0,89.98,2025-12-08,Monitor Arm,Furniture,44.99,,,
sales_merged,477.0,10.0,3.0,134.97,2025-12-24,Monitor Arm,Furniture,44.99,,,
sales_merged,478.0,10.0,13.0,584.87,2026-01-04,Monitor Arm,Furniture,44.99,,,
sales_merged,479.0,10.0,12.0,539.88,2026-01-25,Monitor Arm,Furniture,44.99,,,
sales_merged,480.0,10.0,12.0,539.88,2026-02-06,Monitor Arm,Furniture,44.99,,,
sales_merged,481.0,10.0,12.0,539.88,2026-02-23,Monitor Arm,Furniture,44.99,,,
sales_merged,482.0,10.0,5.0,224.95,2026-03-10,Monitor Arm,Furniture,44.99,,,
sales_merged,483.0,10.0,5.0,224.95,2026-03-12,Monitor Arm,Furniture,44.99,,,
sales_merged,484.0,10.0,5.0,224.95,2026-03-12,Monitor Arm,Furniture,44.99,,,
sales_merged,485.0,10.0,5.0,224.95,2026-03-14,Monitor Arm,Furniture,44.99,,,
sales_merged,486.0,10.0,6.0,269.94,2026-03-05,Monitor Arm,Furniture,44.99,,,
sales_merged,487.0,10.0,6.0,269.94,2026-04-06,Monitor Arm,Furniture,44.99,,,
sales_merged,488.0,10.0,7.0,314.93,2026-04-06,Monitor Arm,Furniture,44.99,,,
sales_merged,489.0,10.0,6.0,269.94,2026-04-03,Monitor Arm,Furniture,44.99,,,
sales_merged,490.0,10.0,6.0,269.94,2026-04-20,Monitor Arm,Furniture,44.99,,,
sales_merged,491.0,10.0,5.0,224.95,2026-05-08,Monitor Arm,Furniture,44.99,,,
sales_merged,492.0,10.0,5.0,224.95,2026-05-15,Monitor Arm,Furniture,44.99,,,
sales_merged,493.0,10.0,5.0,224.95,2026-05-21,Monitor Arm,Furniture,44.99,,,
sales_merged,494.0,10.0,5.0,224.95,2026-05-09,Monitor Arm,Furniture,44.99,,,
sales_merged,495.0,10.0,5.0,224.95,2026-05-15,Monitor Arm,Furniture,44.99,,,
sales_merged,496.0,10.0,5.0,224.95,2026-05-09,Monitor Arm,Furniture,44.99,,,
sales_merged,497.0,10.0,5.0,224.95,2026-05-22,Monitor Arm,Furniture,44.99,,,
sales_merged,498.0,10.0,32.0,1439.68,2026-06-29,Monitor Arm,Furniture,44.99,,,
sales_merged,499.0,10.0,5.0,224.95,2026-07-19,Monitor Arm,Furniture,44.99,,,
sales_merged,500.0,10.0,5.0,224.95,2026-07-10,Monitor Arm,Furniture,44.99,,,
sales_merged,501.0,10.0,5.0,224.95,2026-07-21,Monitor Arm,Furniture,44.99,,,
sales_merged,502.0,10.0,6.0,269.94,2026-07-31,Monitor Arm,Furniture,44.99,,,
sales_merged,503.0,10.0,6.0,269.94,2026-07-14,Monitor Arm,Furniture,44.99,,,
sales_merged,504.0,10.0,5.0,224.95,2026-07-23,Monitor Arm,Furniture,44.99,,,
sales_merged,505.0,10.0,5.0,224.95,2026-07-09,Monitor Arm,Furniture,44.99,,,
sales_merged,506.0,10.0,5.0,224.95,2026-07-15,Monitor Arm,Furniture,44.99,,,
sales_merged,507.0,10.0,9.0,404.91,2026-08-08,Monitor Arm,Furniture,44.99,,,
sales_merged,508.0,10.0,9.0,404.91,2026-08-13,Monitor Arm,Furniture,44.99,,,
sales_merged,509.0,10.0,8.0,359.92,2026-08-19,Monitor Arm,Furniture,44.99,,,
sales_merged,510.0,10.0,8.0,359.92,2026-08-12,Monitor Arm,Furniture,44.99,,,
sales_merged,511.0,10.0,9.0,404.91,2026-08-19,Monitor Arm,Furniture,44.99,,,
sales_merged,512.0,10.0,12.0,539.88,2026-09-09,Monitor Arm,Furniture,44.99,,,
sales_merged,513.0,10.0,12.0,539.88,2026-09-01,Monitor Arm,Furniture,44.99,,,
sales_merged,514.0,10.0,11.0,494.89,2026-09-19,Monitor Arm,Furniture,44.99,,,
sales_merged,515.0,10.0,12.0,539.88,2026-09-28,Monitor Arm,Furniture,44.99,,,
sales_merged,516.0,10.0,12.0,539.88,2026-09-22,Monitor Arm,Furniture,44.99,,,
sales_merged,517.0,11.0,10.0,549.9,2025-10-29,Coffee Maker,Kitchen,54.99,,,
sales_merged,518.0,11.0,10.0,549.9,2025-10-21,Coffee Maker,Kitchen,54.99,,,
sales_merged,519.0,11.0,9.0,494.91,2025-10-21,Coffee Maker,Kitchen,54.99,,,
sales_merged,520.0,11.0,41.0,2254.59,2025-11-10,Coffee Maker,Kitchen,54.99,,,
sales_merged,521.0,11.0,6.0,329.94,2025-12-24,Coffee Maker,Kitchen,54.99,,,
sales_merged,522.0,11.0,6.0,329.94,2025-12-14,Coffee Maker,Kitchen,54.99,,,
sales_merged,523.0,11.0,6.0,329.94,2025-12-06,Coffee Maker,Kitchen,54.99,,,
sales_merged,524.0,11.0,5.0,274.95,2025-12-07,Coffee Maker,Kitchen,54.99,,,
sales_merged,525.0,11.0,6.0,329.94,2025-12-05,Coffee Maker,Kitchen,54.99,,,
sales_merged,526.0,11.0,6.0,329.94,2025-12-26,Coffee Maker,Kitchen,54.99,,,
sales_merged,527.0,11.0,6.0,329.94,2025-12-18,Coffee Maker,Kitchen,54.99,,,
sales_merged,528.0,11.0,6.0,329.94,2025-12-29,Coffee Maker,Kitchen,54.99,,,
sales_merged,529.0,11.0,9.0,494.91,2026-01-30,Coffee Maker,Kitchen,54.99,,,
sales_merged,530.0,11.0,9.0,494.91,2026-01-27,Coffee Maker,Kitchen,54.99,,,
sales_merged,531.0,11.0,9.0,494.91,2026-01-31,Coffee Maker,Kitchen,54.99,,,
sales_merged,532.0,11.0,9.0,494.91,2026-01-16,Coffee Maker,Kitchen,54.99,,,
sales_merged,533.0,11.0,8.0,439.92,2026-01-31,Coffee Maker,Kitchen,54.99,,,
sales_merged,534.0,11.0,8.0,439.92,2026-01-26,Coffee Maker,Kitchen,54.99,,,
sales_merged,535.0,11.0,10.0,549.9,2026-02-05,Coffee Maker,Kitchen,54.99,,,
sales_merged,536.0,11.0,11.0,604.89,2026-02-25,Coffee Maker,Kitchen,54.99,,,
sales_merged,537.0,11.0,11.0,604.89,2026-02-08,Coffee Maker,Kitchen,54.99,,,
sales_merged,538.0,11.0,11.0,604.89,2026-02-28,Coffee Maker,Kitchen,54.99,,,
sales_merged,539.0,11.0,11.0,604.89,2026-02-22,Coffee Maker,Kitchen,54.99,,,
sales_merged,540.0,11.0,9.0,494.91,2026-03-09,Coffee Maker,Kitchen,54.99,,,
sales_merged,541.0,11.0,9.0,494.91,2026-03-18,Coffee Maker,Kitchen,54.99,,,
sales_merged,542.0,11.0,9.0,494.91,2026-03-04,Coffee Maker,Kitchen,54.99,,,
sales_merged,543.0,11.0,9.0,494.91,2026-03-15,Coffee Maker,Kitchen,54.99,,,
sales_merged,544.0,11.0,9.0,494.91,2026-03-12,Coffee Maker,Kitchen,54.99,,,
sales_merged,545.0,11.0,9.0,494.91,2026-03-22,Coffee Maker,Kitchen,54.99,,,
sales_merged,546.0,11.0,8.0,439.92,2026-03-24,Coffee Maker,Kitchen,54.99,,,
sales_merged,547.0,11.0,14.0,769.86,2026-04-04,Coffee Maker,Kitchen,54.99,,,
sales_merged,548.0,11.0,14.0,769.86,2026-04-22,Coffee Maker,Kitchen,54.99,,,
sales_merged,549.0,11.0,14.0,769.86,2026-04-08,Coffee Maker,Kitchen,54.99,,,
sales_merged,550.0,11.0,13.0,714.87,2026-04-16,Coffee Maker,Kitchen,54.99,,,
sales_merged,551.0,11.0,13.0,714.87,2026-04-01,Coffee Maker,Kitchen,54.99,,,
sales_merged,552.0,11.0,12.0,659.88,2026-05-30,Coffee Maker,Kitchen,54.99,,,
sales_merged,553.0,11.0,11.0,604.89,2026-05-23,Coffee Maker,Kitchen,54.99,,,
sales_merged,554.0,11.0,12.0,659.88,2026-05-10,Coffee Maker,Kitchen,54.99,,,
sales_merged,555.0,11.0,12.0,659.88,2026-05-21,Coffee Maker,Kitchen,54.99,,,
sales_merged,556.0,11.0,12.0,659.88,2026-05-14,Coffee Maker,Kitchen,54.99,,,
sales_merged,557.0,11.0,12.0,659.88,2026-05-04,Coffee Maker,Kitchen,54.99,,,
sales_merged,558.0,11.0,28.0,1539.72,2026-06-10,Coffee Maker,Kitchen,54.99,,,
sales_merged,559.0,11.0,28.0,1539.72,2026-06-16,Coffee Maker,Kitchen,54.99,,,
sales_merged,560.0,11.0,28.0,1539.72,2026-06-04,Coffee Maker,Kitchen,54.99,,,
sales_merged,561.0,11.0,43.0,2364.57,2026-07-29,Coffee Maker,Kitchen,54.99,,,
sales_merged,562.0,11.0,44.0,2419.56,2026-07-18,Coffee Maker,Kitchen,54.99,,,
sales_merged,563.0,11.0,34.0,1869.66,2026-08-12,Coffee Maker,Kitchen,54.99,,,
sales_merged,564.0,11.0,34.0,1869.66,2026-08-22,Coffee Maker,Kitchen,54.99,,,
sales_merged,565.0,11.0,34.0,1869.66,2026-08-31,Coffee Maker,Kitchen,54.99,,,
sales_merged,566.0,11.0,19.0,1044.81,2026-09-27,Coffee Maker,Kitchen,54.99,,,
sales_merged,567.0,11.0,20.0,1099.8,2026-09-16,Coffee Maker,Kitchen,54.99,,,
sales_merged,568.0,11.0,20.0,1099.8,2026-09-20,Coffee Maker,Kitchen,54.99,,,
sales_merged,569.0,11.0,20.0,1099.8,2026-09-14,Coffee Maker,Kitchen,54.99,,,
sales_merged,570.0,11.0,20.0,1099.8,2026-09-09,Coffee Maker,Kitchen,54.99,,,
sales_merged,571.0,11.0,19.0,1044.81,2026-09-02,Coffee Maker,Kitchen,54.99,,,
sales_merged,572.0,11.0,19.0,1044.81,2026-09-23,Coffee Maker,Kitchen,54.99,,,
sales_merged,573.0,12.0,1.0,79.99,2025-10-08,Toaster Oven,Kitchen,79.99,,,
sales_merged,574.0,12.0,1.0,79.99,2025-10-05,Toaster Oven,Kitchen,79.99,,,
sales_merged,575.0,12.0,1.0,79.99,2025-10-26,Toaster Oven,Kitchen,79.99,,,
sales_merged,576.0,12.0,2.0,159.98,2025-10-19,Toaster Oven,Kitchen,79.99,,,
sales_merged,577.0,12.0,1.0,79.99,2025-10-07,Toaster Oven,Kitchen,79.99,,,
sales_merged,578.0,12.0,1.0,79.99,2025-10-03,Toaster Oven,Kitchen,79.99,,,
sales_merged,579.0,12.0,1.0,79.99,2025-10-27,Toaster Oven,Kitchen,79.99,,,
sales_merged,580.0,12.0,2.0,159.98,2025-10-25,Toaster Oven,Kitchen,79.99,,,
sales_merged,581.0,12.0,3.0,239.97,2025-11-25,Toaster Oven,Kitchen,79.99,,,
sales_merged,582.0,12.0,3.0,239.97,2025-11-05,Toaster Oven,Kitchen,79.99,,,
sales_merged,583.0,12.0,4.0,319.96,2025-11-26,Toaster Oven,Kitchen,79.99,,,
sales_merged,584.0,12.0,4.0,319.96,2025-11-29,Toaster Oven,Kitchen,79.99,,,
sales_merged,585.0,12.0,21.0,1679.79,2025-12-09,Toaster Oven,Kitchen,79.99,,,
sales_merged,586.0,12.0,7.0,559.93,2026-01-26,Toaster Oven,Kitchen,79.99,,,
sales_merged,587.0,12.0,8.0,639.92,2026-01-06,Toaster Oven,Kitchen,79.99,,,
sales_merged,588.0,12.0,8.0,639.92,2026-01-04,Toaster Oven,Kitchen,79.99,,,
sales_merged,589.0,12.0,17.0,1359.83,2026-02-05,Toaster Oven,Kitchen,79.99,,,
sales_merged,590.0,12.0,25.0,1999.75,2026-03-12,Toaster Oven,Kitchen,79.99,,,
sales_merged,591.0,12.0,7.0,559.93,2026-04-09,Toaster Oven,Kitchen,79.99,,,
sales_merged,592.0,12.0,6.0,479.94,2026-04-02,Toaster Oven,Kitchen,79.99,,,
sales_merged,593.0,12.0,7.0,559.93,2026-04-05,Toaster Oven,Kitchen,79.99,,,
sales_merged,594.0,12.0,7.0,559.93,2026-04-24,Toaster Oven,Kitchen,79.99,,,
sales_merged,595.0,12.0,4.0,319.96,2026-05-17,Toaster Oven,Kitchen,79.99,,,
sales_merged,596.0,12.0,5.0,399.95,2026-05-19,Toaster Oven,Kitchen,79.99,,,
sales_merged,597.0,12.0,5.0,399.95,2026-05-04,Toaster Oven,Kitchen,79.99,,,
sales_merged,598.0,12.0,5.0,399.95,2026-05-15,Toaster Oven,Kitchen,79.99,,,
sales_merged,599.0,12.0,4.0,319.96,2026-05-17,Toaster Oven,Kitchen,79.99,,,
sales_merged,600.0,12.0,5.0,399.95,2026-05-08,Toaster Oven,Kitchen,79.99,,,
sales_merged,601.0,12.0,5.0,399.95,2026-05-31,Toaster Oven,Kitchen,79.99,,,
sales_merged,602.0,12.0,31.0,2479.69,2026-06-24,Toaster Oven,Kitchen,79.99,,,
sales_merged,603.0,12.0,7.0,559.93,2026-07-28,Toaster Oven,Kitchen,79.99,,,
sales_merged,604.0,12.0,7.0,559.93,2026-07-13,Toaster Oven,Kitchen,79.99,,,
sales_merged,605.0,12.0,7.0,559.93,2026-07-14,Toaster Oven,Kitchen,79.99,,,
sales_merged,606.0,12.0,7.0,559.93,2026-07-22,Toaster Oven,Kitchen,79.99,,,
sales_merged,607.0,12.0,7.0,559.93,2026-07-04,Toaster Oven,Kitchen,79.99,,,
sales_merged,608.0,12.0,5.0,399.95,2026-08-09,Toaster Oven,Kitchen,79.99,,,
sales_merged,609.0,12.0,5.0,399.95,2026-08-20,Toaster Oven,Kitchen,79.99,,,
sales_merged,610.0,12.0,5.0,399.95,2026-08-21,Toaster Oven,Kitchen,79.99,,,
sales_merged,611.0,12.0,5.0,399.95,2026-08-19,Toaster Oven,Kitchen,79.99,,,
sales_merged,612.0,12.0,5.0,399.95,2026-08-18,Toaster Oven,Kitchen,79.99,,,
sales_merged,613.0,12.0,5.0,399.95,2026-08-23,Toaster Oven,Kitchen,79.99,,,
sales_merged,614.0,12.0,5.0,399.95,2026-08-11,Toaster Oven,Kitchen,79.99,,,
sales_merged,615.0,12.0,4.0,319.96,2026-08-13,Toaster Oven,Kitchen,79.99,,,
sales_merged,616.0,12.0,11.0,879.89,2026-09-28,Toaster Oven,Kitchen,79.99,,,
sales_merged,617.0,12.0,10.0,799.9,2026-09-21,Toaster Oven,Kitchen,79.99,,,
sales_merged,618.0,12.0,11.0,879.89,2026-09-21,Toaster Oven,Kitchen,79.99,,,
sales_merged,619.0,12.0,10.0,799.9,2026-09-29,Toaster Oven,Kitchen,79.99,,,
sales_merged,620.0,12.0,10.0,799.9,2026-09-25,Toaster Oven,Kitchen,79.99,,,
sales_merged,621.0,13.0,1.0,64.99,2025-10-03,Blender,Kitchen,64.99,,,
sales_merged,622.0,13.0,1.0,64.99,2025-10-27,Blender,Kitchen,64.99,,,
sales_merged,623.0,13.0,1.0,64.99,2025-10-03,Blender,Kitchen,64.99,,,
sales_merged,624.0,13.0,7.0,454.93,2025-11-14,Blender,Kitchen,64.99,,,
sales_merged,625.0,13.0,4.0,259.96,2025-12-24,Blender,Kitchen,64.99,,,
sales_merged,626.0,13.0,1.0,64.99,2026-01-22,Blender,Kitchen,64.99,,,
sales_merged,627.0,13.0,1.0,64.99,2026-01-04,Blender,Kitchen,64.99,,,
sales_merged,628.0,13.0,1.0,64.99,2026-01-14,Blender,Kitchen,64.99,,,
sales_merged,629.0,13.0,2.0,129.98,2026-01-12,Blender,Kitchen,64.99,,,
sales_merged,630.0,13.0,1.0,64.99,2026-01-28,Blender,Kitchen,64.99,,,
sales_merged,631.0,13.0,2.0,129.98,2026-01-22,Blender,Kitchen,64.99,,,
sales_merged,632.0,13.0,1.0,64.99,2026-02-12,Blender,Kitchen,64.99,,,
sales_merged,633.0,13.0,1.0,64.99,2026-02-04,Blender,Kitchen,64.99,,,
sales_merged,634.0,13.0,1.0,64.99,2026-02-19,Blender,Kitchen,64.99,,,
sales_merged,635.0,13.0,2.0,129.98,2026-02-17,Blender,Kitchen,64.99,,,
sales_merged,636.0,13.0,3.0,194.97,2026-03-08,Blender,Kitchen,64.99,,,
sales_merged,637.0,13.0,2.0,129.98,2026-03-28,Blender,Kitchen,64.99,,,
sales_merged,638.0,13.0,2.0,129.98,2026-03-04,Blender,Kitchen,64.99,,,
sales_merged,639.0,13.0,2.0,129.98,2026-03-12,Blender,Kitchen,64.99,,,
sales_merged,640.0,13.0,1.0,64.99,2026-04-26,Blender,Kitchen,64.99,,,
sales_merged,641.0,13.0,1.0,64.99,2026-04-14,Blender,Kitchen,64.99,,,
sales_merged,642.0,13.0,1.0,64.99,2026-04-28,Blender,Kitchen,64.99,,,
sales_merged,643.0,13.0,2.0,129.98,2026-04-18,Blender,Kitchen,64.99,,,
sales_merged,644.0,13.0,1.0,64.99,2026-04-25,Blender,Kitchen,64.99,,,
sales_merged,645.0,13.0,10.0,649.9,2026-05-20,Blender,Kitchen,64.99,,,
sales_merged,646.0,13.0,1.0,64.99,2026-06-23,Blender,Kitchen,64.99,,,
sales_merged,647.0,13.0,1.0,64.99,2026-06-25,Blender,Kitchen,64.99,,,
sales_merged,648.0,13.0,1.0,64.99,2026-06-10,Blender,Kitchen,64.99,,,
sales_merged,649.0,13.0,2.0,129.98,2026-06-30,Blender,Kitchen,64.99,,,
sales_merged,650.0,13.0,1.0,64.99,2026-06-11,Blender,Kitchen,64.99,,,
sales_merged,651.0,13.0,1.0,64.99,2026-06-12,Blender,Kitchen,64.99,,,
sales_merged,652.0,13.0,8.0,519.92,2026-07-06,Blender,Kitchen,64.99,,,
sales_merged,653.0,13.0,3.0,194.97,2026-08-03,Blender,Kitchen,64.99,,,
sales_merged,654.0,13.0,3.0,194.97,2026-08-05,Blender,Kitchen,64.99,,,
sales_merged,655.0,13.0,3.0,194.97,2026-08-24,Blender,Kitchen,64.99,,,
sales_merged,656.0,13.0,19.0,1234.81,2026-09-03,Blender,Kitchen,64.99,,,
sales_merged,657.0,14.0,4.0,91.96,2025-10-15,Yoga Mat,Fitness,22.99,,,
sales_merged,658.0,14.0,4.0,91.96,2025-10-22,Yoga Mat,Fitness,22.99,,,
sales_merged,659.0,14.0,2.0,45.98,2025-11-14,Yoga Mat,Fitness,22.99,,,
sales_merged,660.0,14.0,2.0,45.98,2025-11-09,Yoga Mat,Fitness,22.99,,,
sales_merged,661.0,14.0,1.0,22.99,2025-11-07,Yoga Mat,Fitness,22.99,,,
sales_merged,662.0,14.0,1.0,22.99,2025-11-25,Yoga Mat,Fitness,22.99,,,
sales_merged,663.0,14.0,1.0,22.99,2025-12-10,Yoga Mat,Fitness,22.99,,,
sales_merged,664.0,14.0,1.0,22.99,2025-12-22,Yoga Mat,Fitness,22.99,,,
sales_merged,665.0,14.0,2.0,45.98,2025-12-22,Yoga Mat,Fitness,22.99,,,
sales_merged,666.0,14.0,1.0,22.99,2025-12-19,Yoga Mat,Fitness,22.99,,,
sales_merged,667.0,14.0,2.0,45.98,2025-12-16,Yoga Mat,Fitness,22.99,,,
sales_merged,668.0,14.0,2.0,45.98,2026-01-01,Yoga Mat,Fitness,22.99,,,
sales_merged,669.0,14.0,1.0,22.99,2026-01-07,Yoga Mat,Fitness,22.99,,,
sales_merged,670.0,14.0,1.0,22.99,2026-01-10,Yoga Mat,Fitness,22.99,,,
sales_merged,671.0,14.0,2.0,45.98,2026-01-31,Yoga Mat,Fitness,22.99,,,
sales_merged,672.0,14.0,2.0,45.98,2026-01-07,Yoga Mat,Fitness,22.99,,,
sales_merged,673.0,14.0,3.0,68.97,2026-02-11,Yoga Mat,Fitness,22.99,,,
sales_merged,674.0,14.0,3.0,68.97,2026-02-04,Yoga Mat,Fitness,22.99,,,
sales_merged,675.0,14.0,3.0,68.97,2026-02-01,Yoga Mat,Fitness,22.99,,,
sales_merged,676.0,14.0,2.0,45.98,2026-03-03,Yoga Mat,Fitness,22.99,,,
sales_merged,677.0,14.0,2.0,45.98,2026-03-13,Yoga Mat,Fitness,22.99,,,
sales_merged,678.0,14.0,2.0,45.98,2026-03-28,Yoga Mat,Fitness,22.99,,,
sales_merged,679.0,14.0,1.0,22.99,2026-03-24,Yoga Mat,Fitness,22.99,,,
sales_merged,680.0,14.0,2.0,45.98,2026-03-02,Yoga Mat,Fitness,22.99,,,
sales_merged,681.0,14.0,1.0,22.99,2026-03-14,Yoga Mat,Fitness,22.99,,,
sales_merged,682.0,14.0,2.0,45.98,2026-03-01,Yoga Mat,Fitness,22.99,,,
sales_merged,683.0,14.0,1.0,22.99,2026-03-15,Yoga Mat,Fitness,22.99,,,
sales_merged,684.0,14.0,8.0,183.92,2026-04-19,Yoga Mat,Fitness,22.99,,,
sales_merged,685.0,14.0,7.0,160.93,2026-04-14,Yoga Mat,Fitness,22.99,,,
sales_merged,686.0,14.0,2.0,45.98,2026-05-01,Yoga Mat,Fitness,22.99,,,
sales_merged,687.0,14.0,2.0,45.98,2026-05-31,Yoga Mat,Fitness,22.99,,,
sales_merged,688.0,14.0,2.0,45.98,2026-05-11,Yoga Mat,Fitness,22.99,,,
sales_merged,689.0,14.0,2.0,45.98,2026-05-06,Yoga Mat,Fitness,22.99,,,
sales_merged,690.0,14.0,2.0,45.98,2026-05-26,Yoga Mat,Fitness,22.99,,,
sales_merged,691.0,14.0,2.0,45.98,2026-05-31,Yoga Mat,Fitness,22.99,,,
sales_merged,692.0,14.0,2.0,45.98,2026-05-20,Yoga Mat,Fitness,22.99,,,
sales_merged,693.0,14.0,1.0,22.99,2026-06-17,Yoga Mat,Fitness,22.99,,,
sales_merged,694.0,14.0,2.0,45.98,2026-06-03,Yoga Mat,Fitness,22.99,,,
sales_merged,695.0,14.0,1.0,22.99,2026-06-13,Yoga Mat,Fitness,22.99,,,
sales_merged,696.0,14.0,2.0,45.98,2026-06-28,Yoga Mat,Fitness,22.99,,,
sales_merged,697.0,14.0,1.0,22.99,2026-06-10,Yoga Mat,Fitness,22.99,,,
sales_merged,698.0,14.0,2.0,45.98,2026-06-24,Yoga Mat,Fitness,22.99,,,
sales_merged,699.0,14.0,2.0,45.98,2026-06-11,Yoga Mat,Fitness,22.99,,,
sales_merged,700.0,14.0,1.0,22.99,2026-06-08,Yoga Mat,Fitness,22.99,,,
sales_merged,701.0,14.0,2.0,45.98,2026-07-29,Yoga Mat,Fitness,22.99,,,
sales_merged,702.0,14.0,2.0,45.98,2026-07-25,Yoga Mat,Fitness,22.99,,,
sales_merged,703.0,14.0,2.0,45.98,2026-07-12,Yoga Mat,Fitness,22.99,,,
sales_merged,704.0,14.0,2.0,45.98,2026-07-12,Yoga Mat,Fitness,22.99,,,
sales_merged,705.0,14.0,3.0,68.97,2026-07-24,Yoga Mat,Fitness,22.99,,,
sales_merged,706.0,14.0,2.0,45.98,2026-07-31,Yoga Mat,Fitness,22.99,,,
sales_merged,707.0,14.0,6.0,137.94,2026-08-05,Yoga Mat,Fitness,22.99,,,
sales_merged,708.0,14.0,5.0,114.95,2026-08-09,Yoga Mat,Fitness,22.99,,,
sales_merged,709.0,14.0,6.0,137.94,2026-08-07,Yoga Mat,Fitness,22.99,,,
sales_merged,710.0,14.0,8.0,183.92,2026-09-25,Yoga Mat,Fitness,22.99,,,
sales_merged,711.0,14.0,9.0,206.91,2026-09-25,Yoga Mat,Fitness,22.99,,,
sales_merged,712.0,14.0,8.0,183.92,2026-09-21,Yoga Mat,Fitness,22.99,,,
sales_merged,713.0,15.0,1.0,59.99,2025-10-15,Dumbbell Set (25 Lb),Fitness,59.99,,,
sales_merged,714.0,15.0,1.0,59.99,2025-10-03,Dumbbell Set (25 Lb),Fitness,59.99,,,
sales_merged,715.0,15.0,1.0,59.99,2025-11-10,Dumbbell Set (25 Lb),Fitness,59.99,,,
sales_merged,716.0,15.0,1.0,59.99,2025-11-15,Dumbbell Set (25 Lb),Fitness,59.99,,,
sales_merged,717.0,15.0,2.0,119.98,2025-11-15,Dumbbell Set (25 Lb),Fitness,59.99,,,
sales_merged,718.0,15.0,2.0,119.98,2025-11-02,Dumbbell Set (25 Lb),Fitness,59.99,,,
sales_merged,719.0,15.0,1.0,59.99,2025-11-02,Dumbbell Set (25 Lb),Fitness,59.99,,,
sales_merged,720.0,15.0,2.0,119.98,2025-11-12,Dumbbell Set (25 Lb),Fitness,59.99,,,
sales_merged,721.0,15.0,1.0,59.99,2025-11-27,Dumbbell Set (25 Lb),Fitness,59.99,,,
sales_merged,722.0,15.0,1.0,59.99,2025-11-10,Dumbbell Set (25 Lb),Fitness,59.99,,,
sales_merged,723.0,15.0,4.0,239.96,2025-12-20,Dumbbell Set (25 Lb),Fitness,59.99,,,
sales_merged,724.0,15.0,4.0,239.96,2025-12-20,Dumbbell Set (25 Lb),Fitness,59.99,,,
sales_merged,725.0,15.0,1.0,59.99,2026-01-11,Dumbbell Set (25 Lb),Fitness,59.99,,,
sales_merged,726.0,15.0,1.0,59.99,2026-01-20,Dumbbell Set (25 Lb),Fitness,59.99,,,
sales_merged,727.0,15.0,1.0,59.99,2026-01-16,Dumbbell Set (25 Lb),Fitness,59.99,,,
sales_merged,728.0,15.0,2.0,119.98,2026-01-17,Dumbbell Set (25 Lb),Fitness,59.99,,,
sales_merged,729.0,15.0,1.0,59.99,2026-01-05,Dumbbell Set (25 Lb),Fitness,59.99,,,
sales_merged,730.0,15.0,1.0,59.99,2026-01-31,Dumbbell Set (25 Lb),Fitness,59.99,,,
sales_merged,731.0,15.0,1.0,59.99,2026-01-02,Dumbbell Set (25 Lb),Fitness,59.99,,,
sales_merged,732.0,15.0,1.0,59.99,2026-02-23,Dumbbell Set (25 Lb),Fitness,59.99,,,
sales_merged,733.0,15.0,1.0,59.99,2026-02-15,Dumbbell Set (25 Lb),Fitness,59.99,,,
sales_merged,734.0,15.0,1.0,59.99,2026-02-15,Dumbbell Set (25 Lb),Fitness,59.99,,,
sales_merged,735.0,15.0,1.0,59.99,2026-02-17,Dumbbell Set (25 Lb),Fitness,59.99,,,
sales_merged,736.0,15.0,2.0,119.98,2026-02-17,Dumbbell Set (25 Lb),Fitness,59.99,,,
sales_merged,737.0,15.0,1.0,59.99,2026-02-20,Dumbbell Set (25 Lb),Fitness,59.99,,,
sales_merged,738.0,15.0,1.0,59.99,2026-02-06,Dumbbell Set (25 Lb),Fitness,59.99,,,
sales_merged,739.0,15.0,1.0,59.99,2026-02-12,Dumbbell Set (25 Lb),Fitness,59.99,,,
sales_merged,740.0,15.0,1.0,59.99,2026-03-26,Dumbbell Set (25 Lb),Fitness,59.99,,,
sales_merged,741.0,15.0,2.0,119.98,2026-03-21,Dumbbell Set (25 Lb),Fitness,59.99,,,
sales_merged,742.0,15.0,2.0,119.98,2026-03-21,Dumbbell Set (25 Lb),Fitness,59.99,,,
sales_merged,743.0,15.0,1.0,59.99,2026-03-11,Dumbbell Set (25 Lb),Fitness,59.99,,,
sales_merged,744.0,15.0,2.0,119.98,2026-03-03,Dumbbell Set (25 Lb),Fitness,59.99,,,
sales_merged,745.0,15.0,2.0,119.98,2026-03-11,Dumbbell Set (25 Lb),Fitness,59.99,,,
sales_merged,746.0,15.0,7.0,419.93,2026-04-10,Dumbbell Set (25 Lb),Fitness,59.99,,,
sales_merged,747.0,15.0,6.0,359.94,2026-04-09,Dumbbell Set (25 Lb),Fitness,59.99,,,
sales_merged,748.0,15.0,5.0,299.95,2026-05-19,Dumbbell Set (25 Lb),Fitness,59.99,,,
sales_merged,749.0,15.0,5.0,299.95,2026-05-22,Dumbbell Set (25 Lb),Fitness,59.99,,,
sales_merged,750.0,15.0,5.0,299.95,2026-05-05,Dumbbell Set (25 Lb),Fitness,59.99,,,
sales_merged,751.0,15.0,2.0,119.98,2026-06-10,Dumbbell Set (25 Lb),Fitness,59.99,,,
sales_merged,752.0,15.0,3.0,179.97,2026-06-18,Dumbbell Set (25 Lb),Fitness,59.99,,,
sales_merged,753.0,15.0,2.0,119.98,2026-06-13,Dumbbell Set (25 Lb),Fitness,59.99,,,
sales_merged,754.0,15.0,3.0,179.97,2026-06-21,Dumbbell Set (25 Lb),Fitness,59.99,,,
sales_merged,755.0,15.0,2.0,119.98,2026-06-26,Dumbbell Set (25 Lb),Fitness,59.99,,,
sales_merged,756.0,15.0,3.0,179.97,2026-06-11,Dumbbell Set (25 Lb),Fitness,59.99,,,
sales_merged,757.0,15.0,6.0,359.94,2026-07-21,Dumbbell Set (25 Lb),Fitness,59.99,,,
sales_merged,758.0,15.0,7.0,419.93,2026-07-22,Dumbbell Set (25 Lb),Fitness,59.99,,,
sales_merged,759.0,15.0,6.0,359.94,2026-07-14,Dumbbell Set (25 Lb),Fitness,59.99,,,
sales_merged,760.0,15.0,3.0,179.97,2026-08-11,Dumbbell Set (25 Lb),Fitness,59.99,,,
sales_merged,761.0,15.0,3.0,179.97,2026-08-31,Dumbbell Set (25 Lb),Fitness,59.99,,,
sales_merged,762.0,15.0,2.0,119.98,2026-08-25,Dumbbell Set (25 Lb),Fitness,59.99,,,
sales_merged,763.0,15.0,2.0,119.98,2026-08-16,Dumbbell Set (25 Lb),Fitness,59.99,,,
sales_merged,764.0,15.0,3.0,179.97,2026-08-07,Dumbbell Set (25 Lb),Fitness,59.99,,,
sales_merged,765.0,15.0,3.0,179.97,2026-08-08,Dumbbell Set (25 Lb),Fitness,59.99,,,
sales_merged,766.0,15.0,8.0,479.92,2026-09-10,Dumbbell Set (25 Lb),Fitness,59.99,,,
sales_merged,767.0,15.0,8.0,479.92,2026-09-28,Dumbbell Set (25 Lb),Fitness,59.99,,,
sales_merged,768.0,15.0,9.0,539.91,2026-09-26,Dumbbell Set (25 Lb),Fitness,59.99,,,
sales_merged,769.0,16.0,1.0,39.99,2025-10-24,Kettlebell (20 Lb),Fitness,39.99,,,
sales_merged,770.0,16.0,1.0,39.99,2025-11-22,Kettlebell (20 Lb),Fitness,39.99,,,
sales_merged,771.0,16.0,2.0,79.98,2025-11-24,Kettlebell (20 Lb),Fitness,39.99,,,
sales_merged,772.0,16.0,2.0,79.98,2025-11-08,Kettlebell (20 Lb),Fitness,39.99,,,
sales_merged,773.0,16.0,2.0,79.98,2025-11-15,Kettlebell (20 Lb),Fitness,39.99,,,
sales_merged,774.0,16.0,2.0,79.98,2025-12-10,Kettlebell (20 Lb),Fitness,39.99,,,
sales_merged,775.0,16.0,1.0,39.99,2025-12-31,Kettlebell (20 Lb),Fitness,39.99,,,
sales_merged,776.0,16.0,2.0,79.98,2025-12-26,Kettlebell (20 Lb),Fitness,39.99,,,
sales_merged,777.0,16.0,1.0,39.99,2025-12-26,Kettlebell (20 Lb),Fitness,39.99,,,
sales_merged,778.0,16.0,1.0,39.99,2025-12-16,Kettlebell (20 Lb),Fitness,39.99,,,
sales_merged,779.0,16.0,2.0,79.98,2026-01-15,Kettlebell (20 Lb),Fitness,39.99,,,
sales_merged,780.0,16.0,2.0,79.98,2026-01-25,Kettlebell (20 Lb),Fitness,39.99,,,
sales_merged,781.0,16.0,2.0,79.98,2026-01-10,Kettlebell (20 Lb),Fitness,39.99,,,
sales_merged,782.0,16.0,2.0,79.98,2026-01-25,Kettlebell (20 Lb),Fitness,39.99,,,
sales_merged,783.0,16.0,1.0,39.99,2026-02-06,Kettlebell (20 Lb),Fitness,39.99,,,
sales_merged,784.0,16.0,1.0,39.99,2026-02-27,Kettlebell (20 Lb),Fitness,39.99,,,
sales_merged,785.0,16.0,2.0,79.98,2026-03-28,Kettlebell (20 Lb),Fitness,39.99,,,
sales_merged,786.0,16.0,3.0,119.97,2026-03-09,Kettlebell (20 Lb),Fitness,39.99,,,
sales_merged,787.0,16.0,9.0,359.91,2026-04-21,Kettlebell (20 Lb),Fitness,39.99,,,
sales_merged,788.0,16.0,1.0,39.99,2026-05-23,Kettlebell (20 Lb),Fitness,39.99,,,
sales_merged,789.0,16.0,2.0,79.98,2026-05-28,Kettlebell (20 Lb),Fitness,39.99,,,
sales_merged,790.0,16.0,1.0,39.99,2026-05-17,Kettlebell (20 Lb),Fitness,39.99,,,
sales_merged,791.0,16.0,1.0,39.99,2026-05-28,Kettlebell (20 Lb),Fitness,39.99,,,
sales_merged,792.0,16.0,7.0,279.93,2026-06-10,Kettlebell (20 Lb),Fitness,39.99,,,
sales_merged,793.0,16.0,7.0,279.93,2026-07-25,Kettlebell (20 Lb),Fitness,39.99,,,
sales_merged,794.0,16.0,5.0,199.95,2026-08-29,Kettlebell (20 Lb),Fitness,39.99,,,
sales_merged,795.0,16.0,4.0,159.96,2026-08-17,Kettlebell (20 Lb),Fitness,39.99,,,
sales_merged,796.0,16.0,5.0,199.95,2026-08-05,Kettlebell (20 Lb),Fitness,39.99,,,
sales_merged,797.0,16.0,2.0,79.98,2026-09-02,Kettlebell (20 Lb),Fitness,39.99,,,
sales_merged,798.0,16.0,2.0,79.98,2026-09-13,Kettlebell (20 Lb),Fitness,39.99,,,
sales_merged,799.0,16.0,2.0,79.98,2026-09-17,Kettlebell (20 Lb),Fitness,39.99,,,
sales_merged,800.0,16.0,2.0,79.98,2026-09-12,Kettlebell (20 Lb),Fitness,39.99,,,
sales_merged,801.0,16.0,2.0,79.98,2026-09-08,Kettlebell (20 Lb),Fitness,39.99,,,
sales_merged,802.0,16.0,2.0,79.98,2026-09-13,Kettlebell (20 Lb),Fitness,39.99,,,
sales_merged,803.0,16.0,3.0,119.97,2026-09-03,Kettlebell (20 Lb),Fitness,39.99,,,
sales_merged,804.0,17.0,1.0,149.99,2025-10-09,Camping Tent (4-Person),Outdoors,149.99,,,
sales_merged,805.0,17.0,1.0,149.99,2025-10-07,Camping Tent (4-Person),Outdoors,149.99,,,
sales_merged,806.0,17.0,1.0,149.99,2025-10-27,Camping Tent (4-Person),Outdoors,149.99,,,
sales_merged,807.0,17.0,1.0,149.99,2025-10-05,Camping Tent (4-Person),Outdoors,149.99,,,
sales_merged,808.0,17.0,1.0,149.99,2025-11-04,Camping Tent (4-Person),Outdoors,149.99,,,
sales_merged,809.0,17.0,1.0,149.99,2025-11-25,Camping Tent (4-Person),Outdoors,149.99,,,
sales_merged,810.0,17.0,1.0,149.99,2025-11-10,Camping Tent (4-Person),Outdoors,149.99,,,
sales_merged,811.0,17.0,3.0,449.97,2025-12-08,Camping Tent (4-Person),Outdoors,149.99,,,
sales_merged,812.0,17.0,3.0,449.97,2025-12-14,Camping Tent (4-Person),Outdoors,149.99,,,
sales_merged,813.0,17.0,3.0,449.97,2025-12-21,Camping Tent (4-Person),Outdoors,149.99,,,
sales_merged,814.0,17.0,3.0,449.97,2025-12-26,Camping Tent (4-Person),Outdoors,149.99,,,
sales_merged,815.0,17.0,1.0,149.99,2026-01-23,Camping Tent (4-Person),Outdoors,149.99,,,
sales_merged,816.0,17.0,1.0,149.99,2026-01-05,Camping Tent (4-Person),Outdoors,149.99,,,
sales_merged,817.0,17.0,2.0,299.98,2026-01-10,Camping Tent (4-Person),Outdoors,149.99,,,
sales_merged,818.0,17.0,1.0,149.99,2026-01-14,Camping Tent (4-Person),Outdoors,149.99,,,
sales_merged,819.0,17.0,1.0,149.99,2026-01-01,Camping Tent (4-Person),Outdoors,149.99,,,
sales_merged,820.0,17.0,2.0,299.98,2026-01-20,Camping Tent (4-Person),Outdoors,149.99,,,
sales_merged,821.0,17.0,2.0,299.98,2026-01-12,Camping Tent (4-Person),Outdoors,149.99,,,
sales_merged,822.0,17.0,2.0,299.98,2026-01-08,Camping Tent (4-Person),Outdoors,149.99,,,
sales_merged,823.0,17.0,1.0,149.99,2026-02-13,Camping Tent (4-Person),Outdoors,149.99,,,
sales_merged,824.0,17.0,2.0,299.98,2026-02-28,Camping Tent (4-Person),Outdoors,149.99,,,
sales_merged,825.0,17.0,2.0,299.98,2026-02-16,Camping Tent (4-Person),Outdoors,149.99,,,
sales_merged,826.0,17.0,2.0,299.98,2026-02-02,Camping Tent (4-Person),Outdoors,149.99,,,
sales_merged,827.0,17.0,2.0,299.98,2026-02-21,Camping Tent (4-Person),Outdoors,149.99,,,
sales_merged,828.0,17.0,2.0,299.98,2026-02-13,Camping Tent (4-Person),Outdoors,149.99,,,
sales_merged,829.0,17.0,2.0,299.98,2026-02-12,Camping Tent (4-Person),Outdoors,149.99,,,
sales_merged,830.0,17.0,3.0,449.97,2026-03-08,Camping Tent (4-Person),Outdoors,149.99,,,
sales_merged,831.0,17.0,4.0,599.96,2026-03-24,Camping Tent (4-Person),Outdoors,149.99,,,
sales_merged,832.0,17.0,3.0,449.97,2026-03-22,Camping Tent (4-Person),Outdoors,149.99,,,
sales_merged,833.0,17.0,3.0,449.97,2026-03-21,Camping Tent (4-Person),Outdoors,149.99,,,
sales_merged,834.0,17.0,4.0,599.96,2026-03-04,Camping Tent (4-Person),Outdoors,149.99,,,
sales_merged,835.0,17.0,2.0,299.98,2026-04-27,Camping Tent (4-Person),Outdoors,149.99,,,
sales_merged,836.0,17.0,2.0,299.98,2026-04-21,Camping Tent (4-Person),Outdoors,149.99,,,
sales_merged,837.0,17.0,2.0,299.98,2026-04-06,Camping Tent (4-Person),Outdoors,149.99,,,
sales_merged,838.0,17.0,2.0,299.98,2026-04-27,Camping Tent (4-Person),Outdoors,149.99,,,
sales_merged,839.0,17.0,2.0,299.98,2026-04-25,Camping Tent (4-Person),Outdoors,149.99,,,
sales_merged,840.0,17.0,2.0,299.98,2026-04-22,Camping Tent (4-Person),Outdoors,149.99,,,
sales_merged,841.0,17.0,2.0,299.98,2026-05-02,Camping Tent (4-Person),Outdoors,149.99,,,
sales_merged,842.0,17.0,1.0,149.99,2026-05-10,Camping Tent (4-Person),Outdoors,149.99,,,
sales_merged,843.0,17.0,2.0,299.98,2026-05-07,Camping Tent (4-Person),Outdoors,149.99,,,
sales_merged,844.0,17.0,2.0,299.98,2026-05-02,Camping Tent (4-Person),Outdoors,149.99,,,
sales_merged,845.0,17.0,1.0,149.99,2026-05-26,Camping Tent (4-Person),Outdoors,149.99,,,
sales_merged,846.0,17.0,2.0,299.98,2026-05-07,Camping Tent (4-Person),Outdoors,149.99,,,
sales_merged,847.0,17.0,1.0,149.99,2026-05-29,Camping Tent (4-Person),Outdoors,149.99,,,
sales_merged,848.0,17.0,1.0,149.99,2026-05-02,Camping Tent (4-Person),Outdoors,149.99,,,
sales_merged,849.0,17.0,3.0,449.97,2026-06-09,Camping Tent (4-Person),Outdoors,149.99,,,
sales_merged,850.0,17.0,3.0,449.97,2026-06-02,Camping Tent (4-Person),Outdoors,149.99,,,
sales_merged,851.0,17.0,3.0,449.97,2026-06-25,Camping Tent (4-Person),Outdoors,149.99,,,
sales_merged,852.0,17.0,3.0,449.97,2026-06-21,Camping Tent (4-Person),Outdoors,149.99,,,
sales_merged,853.0,17.0,3.0,449.97,2026-06-07,Camping Tent (4-Person),Outdoors,149.99,,,
sales_merged,854.0,17.0,3.0,449.97,2026-06-10,Camping Tent (4-Person),Outdoors,149.99,,,
sales_merged,855.0,17.0,3.0,449.97,2026-07-14,Camping Tent (4-Person),Outdoors,149.99,,,
sales_merged,856.0,17.0,3.0,449.97,2026-07-29,Camping Tent (4-Person),Outdoors,149.99,,,
sales_merged,857.0,17.0,3.0,449.97,2026-07-13,Camping Tent (4-Person),Outdoors,149.99,,,
sales_merged,858.0,17.0,3.0,449.97,2026-07-24,Camping Tent (4-Person),Outdoors,149.99,,,
sales_merged,859.0,17.0,3.0,449.97,2026-07-15,Camping Tent (4-Person),Outdoors,149.99,,,
sales_merged,860.0,17.0,4.0,599.96,2026-07-29,Camping Tent (4-Person),Outdoors,149.99,,,
sales_merged,861.0,17.0,3.0,449.97,2026-08-26,Camping Tent (4-Person),Outdoors,149.99,,,
sales_merged,862.0,17.0,2.0,299.98,2026-08-03,Camping Tent (4-Person),Outdoors,149.99,,,
sales_merged,863.0,17.0,2.0,299.98,2026-08-24,Camping Tent (4-Person),Outdoors,149.99,,,
sales_merged,864.0,17.0,2.0,299.98,2026-08-14,Camping Tent (4-Person),Outdoors,149.99,,,
sales_merged,865.0,17.0,2.0,299.98,2026-08-03,Camping Tent (4-Person),Outdoors,149.99,,,
sales_merged,866.0,17.0,3.0,449.97,2026-08-14,Camping Tent (4-Person),Outdoors,149.99,,,
sales_merged,867.0,17.0,3.0,449.97,2026-08-20,Camping Tent (4-Person),Outdoors,149.99,,,
sales_merged,868.0,17.0,9.0,1349.91,2026-09-11,Camping Tent (4-Person),Outdoors,149.99,,,
sales_merged,869.0,17.0,9.0,1349.91,2026-09-04,Camping Tent (4-Person),Outdoors,149.99,,,
sales_merged,870.0,17.0,8.0,1199.92,2026-09-03,Camping Tent (4-Person),Outdoors,149.99,,,
sales_merged,871.0,18.0,3.0,209.97,2025-10-03,Sleeping Bag,Outdoors,69.99,,,
sales_merged,872.0,18.0,1.0,69.99,2025-11-01,Sleeping Bag,Outdoors,69.99,,,
sales_merged,873.0,18.0,1.0,69.99,2025-11-05,Sleeping Bag,Outdoors,69.99,,,
sales_merged,874.0,18.0,1.0,69.99,2025-11-28,Sleeping Bag,Outdoors,69.99,,,
sales_merged,875.0,18.0,1.0,69.99,2025-11-20,Sleeping Bag,Outdoors,69.99,,,
sales_merged,876.0,18.0,1.0,69.99,2025-12-25,Sleeping Bag,Outdoors,69.99,,,
sales_merged,877.0,18.0,1.0,69.99,2025-12-21,Sleeping Bag,Outdoors,69.99,,,
sales_merged,878.0,18.0,1.0,69.99,2025-12-12,Sleeping Bag,Outdoors,69.99,,,
sales_merged,879.0,18.0,1.0,69.99,2025-12-12,Sleeping Bag,Outdoors,69.99,,,
sales_merged,880.0,18.0,1.0,69.99,2025-12-13,Sleeping Bag,Outdoors,69.99,,,
sales_merged,881.0,18.0,1.0,69.99,2025-12-31,Sleeping Bag,Outdoors,69.99,,,
sales_merged,882.0,18.0,9.0,629.91,2026-01-20,Sleeping Bag,Outdoors,69.99,,,
sales_merged,883.0,18.0,3.0,209.97,2026-02-12,Sleeping Bag,Outdoors,69.99,,,
sales_merged,884.0,18.0,3.0,209.97,2026-02-12,Sleeping Bag,Outdoors,69.99,,,
sales_merged,885.0,18.0,2.0,139.98,2026-03-21,Sleeping Bag,Outdoors,69.99,,,
sales_merged,886.0,18.0,1.0,69.99,2026-03-09,Sleeping Bag,Outdoors,69.99,,,
sales_merged,887.0,18.0,1.0,69.99,2026-03-08,Sleeping Bag,Outdoors,69.99,,,
sales_merged,888.0,18.0,2.0,139.98,2026-03-31,Sleeping Bag,Outdoors,69.99,,,
sales_merged,889.0,18.0,1.0,69.99,2026-03-04,Sleeping Bag,Outdoors,69.99,,,
sales_merged,890.0,18.0,1.0,69.99,2026-03-01,Sleeping Bag,Outdoors,69.99,,,
sales_merged,891.0,18.0,1.0,69.99,2026-03-24,Sleeping Bag,Outdoors,69.99,,,
sales_merged,892.0,18.0,2.0,139.98,2026-03-06,Sleeping Bag,Outdoors,69.99,,,
sales_merged,893.0,18.0,1.0,69.99,2026-04-07,Sleeping Bag,Outdoors,69.99,,,
sales_merged,894.0,18.0,2.0,139.98,2026-04-20,Sleeping Bag,Outdoors,69.99,,,
sales_merged,895.0,18.0,1.0,69.99,2026-04-10,Sleeping Bag,Outdoors,69.99,,,
sales_merged,896.0,18.0,1.0,69.99,2026-04-23,Sleeping Bag,Outdoors,69.99,,,
sales_merged,897.0,18.0,2.0,139.98,2026-04-30,Sleeping Bag,Outdoors,69.99,,,
sales_merged,898.0,18.0,2.0,139.98,2026-04-16,Sleeping Bag,Outdoors,69.99,,,
sales_merged,899.0,18.0,1.0,69.99,2026-04-07,Sleeping Bag,Outdoors,69.99,,,
sales_merged,900.0,18.0,1.0,69.99,2026-04-04,Sleeping Bag,Outdoors,69.99,,,
sales_merged,901.0,18.0,4.0,279.96,2026-05-06,Sleeping Bag,Outdoors,69.99,,,
sales_merged,902.0,18.0,4.0,279.96,2026-05-29,Sleeping Bag,Outdoors,69.99,,,
sales_merged,903.0,18.0,4.0,279.96,2026-05-23,Sleeping Bag,Outdoors,69.99,,,
sales_merged,904.0,18.0,1.0,69.99,2026-06-18,Sleeping Bag,Outdoors,69.99,,,
sales_merged,905.0,18.0,2.0,139.98,2026-06-18,Sleeping Bag,Outdoors,69.99,,,
sales_merged,906.0,18.0,2.0,139.98,2026-06-10,Sleeping Bag,Outdoors,69.99,,,
sales_merged,907.0,18.0,2.0,139.98,2026-06-29,Sleeping Bag,Outdoors,69.99,,,
sales_merged,908.0,18.0,2.0,139.98,2026-06-10,Sleeping Bag,Outdoors,69.99,,,
sales_merged,909.0,18.0,2.0,139.98,2026-06-28,Sleeping Bag,Outdoors,69.99,,,
sales_merged,910.0,18.0,2.0,139.98,2026-06-06,Sleeping Bag,Outdoors,69.99,,,
sales_merged,911.0,18.0,2.0,139.98,2026-06-23,Sleeping Bag,Outdoors,69.99,,,
sales_merged,912.0,18.0,4.0,279.96,2026-07-04,Sleeping Bag,Outdoors,69.99,,,
sales_merged,913.0,18.0,5.0,349.95,2026-07-07,Sleeping Bag,Outdoors,69.99,,,
sales_merged,914.0,18.0,5.0,349.95,2026-07-26,Sleeping Bag,Outdoors,69.99,,,
sales_merged,915.0,18.0,5.0,349.95,2026-08-01,Sleeping Bag,Outdoors,69.99,,,
sales_merged,916.0,18.0,5.0,349.95,2026-08-12,Sleeping Bag,Outdoors,69.99,,,
sales_merged,917.0,18.0,5.0,349.95,2026-08-18,Sleeping Bag,Outdoors,69.99,,,
sales_merged,918.0,18.0,3.0,209.97,2026-09-03,Sleeping Bag,Outdoors,69.99,,,
sales_merged,919.0,18.0,4.0,279.96,2026-09-10,Sleeping Bag,Outdoors,69.99,,,
sales_merged,920.0,18.0,3.0,209.97,2026-09-13,Sleeping Bag,Outdoors,69.99,,,
sales_merged,921.0,18.0,3.0,209.97,2026-09-23,Sleeping Bag,Outdoors,69.99,,,
sales_merged,922.0,18.0,3.0,209.97,2026-09-24,Sleeping Bag,Outdoors,69.99,,,
sales_merged,923.0,18.0,3.0,209.97,2026-09-16,Sleeping Bag,Outdoors,69.99,,,
sales_merged,924.0,19.0,3.0,74.97,2025-10-17,Led Lantern,Outdoors,24.99,,,
sales_merged,925.0,19.0,3.0,74.97,2025-10-30,Led Lantern,Outdoors,24.99,,,
sales_merged,926.0,19.0,3.0,74.97,2025-10-28,Led Lantern,Outdoors,24.99,,,
sales_merged,927.0,19.0,14.0,349.86,2025-11-27,Led Lantern,Outdoors,24.99,,,
sales_merged,928.0,19.0,8.0,199.92,2025-12-10,Led Lantern,Outdoors,24.99,,,
sales_merged,929.0,19.0,9.0,224.91,2025-12-06,Led Lantern,Outdoors,24.99,,,
sales_merged,930.0,19.0,4.0,99.96,2026-01-12,Led Lantern,Outdoors,24.99,,,
sales_merged,931.0,19.0,5.0,124.95,2026-01-31,Led Lantern,Outdoors,24.99,,,
sales_merged,932.0,19.0,4.0,99.96,2026-01-31,Led Lantern,Outdoors,24.99,,,
sales_merged,933.0,19.0,5.0,124.95,2026-02-05,Led Lantern,Outdoors,24.99,,,
sales_merged,934.0,19.0,5.0,124.95,2026-02-21,Led Lantern,Outdoors,24.99,,,
sales_merged,935.0,19.0,4.0,99.96,2026-02-10,Led Lantern,Outdoors,24.99,,,
sales_merged,936.0,19.0,5.0,124.95,2026-02-20,Led Lantern,Outdoors,24.99,,,
sales_merged,937.0,19.0,5.0,124.95,2026-02-18,Led Lantern,Outdoors,24.99,,,
sales_merged,938.0,19.0,13.0,324.87,2026-03-19,Led Lantern,Outdoors,24.99,,,
sales_merged,939.0,19.0,13.0,324.87,2026-03-31,Led Lantern,Outdoors,24.99,,,
sales_merged,940.0,19.0,8.0,199.92,2026-04-27,Led Lantern,Outdoors,24.99,,,
sales_merged,941.0,19.0,8.0,199.92,2026-04-30,Led Lantern,Outdoors,24.99,,,
sales_merged,942.0,19.0,8.0,199.92,2026-04-19,Led Lantern,Outdoors,24.99,,,
sales_merged,943.0,19.0,25.0,624.75,2026-05-27,Led Lantern,Outdoors,24.99,,,
sales_merged,944.0,19.0,25.0,624.75,2026-06-03,Led Lantern,Outdoors,24.99,,,
sales_merged,945.0,19.0,32.0,799.68,2026-07-31,Led Lantern,Outdoors,24.99,,,
sales_merged,946.0,19.0,7.0,174.93,2026-08-16,Led Lantern,Outdoors,24.99,,,
sales_merged,947.0,19.0,8.0,199.92,2026-08-29,Led Lantern,Outdoors,24.99,,,
sales_merged,948.0,19.0,7.0,174.93,2026-08-21,Led Lantern,Outdoors,24.99,,,
sales_merged,949.0,19.0,7.0,174.93,2026-08-18,Led Lantern,Outdoors,24.99,,,
sales_merged,950.0,19.0,7.0,174.93,2026-08-10,Led Lantern,Outdoors,24.99,,,
sales_merged,951.0,19.0,9.0,224.91,2026-09-10,Led Lantern,Outdoors,24.99,,,
sales_merged,952.0,19.0,8.0,199.92,2026-09-15,Led Lantern,Outdoors,24.99,,,
sales_merged,953.0,19.0,8.0,199.92,2026-09-03,Led Lantern,Outdoors,24.99,,,
sales_merged,954.0,19.0,9.0,224.91,2026-09-23,Led Lantern,Outdoors,24.99,,,
sales_merged,955.0,19.0,8.0,199.92,2026-09-02,Led Lantern,Outdoors,24.99,,,
sales_merged,956.0,20.0,4.0,67.96,2025-10-08,The Lean Startup,Books,16.99,,,
sales_merged,957.0,20.0,4.0,67.96,2025-10-15,The Lean Startup,Books,16.99,,,
sales_merged,958.0,20.0,8.0,135.92,2025-11-15,The Lean Startup,Books,16.99,,,
sales_merged,959.0,20.0,7.0,118.93,2025-11-08,The Lean Startup,Books,16.99,,,
sales_merged,960.0,20.0,6.0,101.94,2025-12-10,The Lean Startup,Books,16.99,,,
sales_merged,961.0,20.0,5.0,84.95,2025-12-31,The Lean Startup,Books,16.99,,,
sales_merged,962.0,20.0,6.0,101.94,2025-12-13,The Lean Startup,Books,16.99,,,
sales_merged,963.0,20.0,2.0,33.98,2026-01-16,The Lean Startup,Books,16.99,,,
sales_merged,964.0,20.0,3.0,50.97,2026-01-17,The Lean Startup,Books,16.99,,,
sales_merged,965.0,20.0,3.0,50.97,2026-01-15,The Lean Startup,Books,16.99,,,
sales_merged,966.0,20.0,3.0,50.97,2026-01-16,The Lean Startup,Books,16.99,,,
sales_merged,967.0,20.0,3.0,50.97,2026-01-29,The Lean Startup,Books,16.99,,,
sales_merged,968.0,20.0,2.0,33.98,2026-01-10,The Lean Startup,Books,16.99,,,
sales_merged,969.0,20.0,3.0,50.97,2026-01-16,The Lean Startup,Books,16.99,,,
sales_merged,970.0,20.0,18.0,305.82,2026-02-03,The Lean Startup,Books,16.99,,,
sales_merged,971.0,20.0,4.0,67.96,2026-03-02,The Lean Startup,Books,16.99,,,
sales_merged,972.0,20.0,4.0,67.96,2026-03-02,The Lean Startup,Books,16.99,,,
sales_merged,973.0,20.0,4.0,67.96,2026-03-10,The Lean Startup,Books,16.99,,,
sales_merged,974.0,20.0,3.0,50.97,2026-03-16,The Lean Startup,Books,16.99,,,
sales_merged,975.0,20.0,4.0,67.96,2026-03-20,The Lean Startup,Books,16.99,,,
sales_merged,976.0,20.0,4.0,67.96,2026-03-29,The Lean Startup,Books,16.99,,,
sales_merged,977.0,20.0,4.0,67.96,2026-03-27,The Lean Startup,Books,16.99,,,
sales_merged,978.0,20.0,3.0,50.97,2026-04-24,The Lean Startup,Books,16.99,,,
sales_merged,979.0,20.0,3.0,50.97,2026-04-12,The Lean Startup,Books,16.99,,,
sales_merged,980.0,20.0,3.0,50.97,2026-04-25,The Lean Startup,Books,16.99,,,
sales_merged,981.0,20.0,3.0,50.97,2026-04-13,The Lean Startup,Books,16.99,,,
sales_merged,982.0,20.0,3.0,50.97,2026-04-12,The Lean Startup,Books,16.99,,,
sales_merged,983.0,20.0,4.0,67.96,2026-04-02,The Lean Startup,Books,16.99,,,
sales_merged,984.0,20.0,3.0,50.97,2026-04-13,The Lean Startup,Books,16.99,,,
sales_merged,985.0,20.0,3.0,50.97,2026-04-02,The Lean Startup,Books,16.99,,,
sales_merged,986.0,20.0,9.0,152.91,2026-05-03,The Lean Startup,Books,16.99,,,
sales_merged,987.0,20.0,9.0,152.91,2026-05-13,The Lean Startup,Books,16.99,,,
sales_merged,988.0,20.0,8.0,135.92,2026-05-17,The Lean Startup,Books,16.99,,,
sales_merged,989.0,20.0,8.0,135.92,2026-05-15,The Lean Startup,Books,16.99,,,
sales_merged,990.0,20.0,7.0,118.93,2026-06-13,The Lean Startup,Books,16.99,,,
sales_merged,991.0,20.0,6.0,101.94,2026-06-12,The Lean Startup,Books,16.99,,,
sales_merged,992.0,20.0,6.0,101.94,2026-06-26,The Lean Startup,Books,16.99,,,
sales_merged,993.0,20.0,7.0,118.93,2026-06-11,The Lean Startup,Books,16.99,,,
sales_merged,994.0,20.0,6.0,101.94,2026-06-18,The Lean Startup,Books,16.99,,,
sales_merged,995.0,20.0,6.0,101.94,2026-07-02,The Lean Startup,Books,16.99,,,
sales_merged,996.0,20.0,6.0,101.94,2026-07-02,The Lean Startup,Books,16.99,,,
sales_merged,997.0,20.0,6.0,101.94,2026-07-05,The Lean Startup,Books,16.99,,,
sales_merged,998.0,20.0,6.0,101.94,2026-07-23,The Lean Startup,Books,16.99,,,
sales_merged,999.0,20.0,6.0,101.94,2026-07-11,The Lean Startup,Books,16.99,,,
sales_merged,1000.0,20.0,6.0,101.94,2026-07-26,The Lean Startup,Books,16.99,,,
sales_merged,1001.0,20.0,6.0,101.94,2026-08-06,The Lean Startup,Books,16.99,,,
sales_merged,1002.0,20.0,6.0,101.94,2026-08-13,The Lean Startup,Books,16.99,,,
sales_merged,1003.0,20.0,6.0,101.94,2026-08-20,The Lean Startup,Books,16.99,,,
sales_merged,1004.0,20.0,5.0,84.95,2026-08-24,The Lean Startup,Books,16.99,,,
sales_merged,1005.0,20.0,5.0,84.95,2026-08-27,The Lean Startup,Books,16.99,,,
sales_merged,1006.0,20.0,6.0,101.94,2026-08-10,The Lean Startup,Books,16.99,,,
sales_merged,1007.0,20.0,6.0,101.94,2026-08-19,The Lean Startup,Books,16.99,,,
sales_merged,1008.0,20.0,5.0,84.95,2026-08-11,The Lean Startup,Books,16.99,,,
sales_merged,1009.0,20.0,7.0,118.93,2026-09-14,The Lean Startup,Books,16.99,,,
sales_merged,1010.0,20.0,6.0,101.94,2026-09-19,The Lean Startup,Books,16.99,,,
sales_merged,1011.0,20.0,6.0,101.94,2026-09-10,The Lean Startup,Books,16.99,,,
sales_merged,1012.0,20.0,6.0,101.94,2026-09-26,The Lean Startup,Books,16.99,,,
sales_merged,1013.0,20.0,7.0,118.93,2026-09-29,The Lean Startup,Books,16.99,,,
sales_merged,1014.0,20.0,7.0,118.93,2026-09-24,The Lean Startup,Books,16.99,,,
sales_merged,1015.0,20.0,6.0,101.94,2026-09-28,The Lean Startup,Books,16.99,,,
sales_merged,1016.0,20.0,6.0,101.94,2026-09-23,The Lean Startup,Books,16.99,,,
sales_merged,1017.0,21.0,2.0,65.98,2025-10-07,Clean Code,Books,32.99,,,
sales_merged,1018.0,21.0,2.0,65.98,2025-10-01,Clean Code,Books,32.99,,,
sales_merged,1019.0,21.0,2.0,65.98,2025-10-15,Clean Code,Books,32.99,,,
sales_merged,1020.0,21.0,2.0,65.98,2025-10-11,Clean Code,Books,32.99,,,
sales_merged,1021.0,21.0,1.0,32.99,2025-10-14,Clean Code,Books,32.99,,,
sales_merged,1022.0,21.0,2.0,65.98,2025-10-05,Clean Code,Books,32.99,,,
sales_merged,1023.0,21.0,2.0,65.98,2025-10-14,Clean Code,Books,32.99,,,
sales_merged,1024.0,21.0,5.0,164.95,2025-11-28,Clean Code,Books,32.99,,,
sales_merged,1025.0,21.0,4.0,131.96,2025-11-28,Clean Code,Books,32.99,,,
sales_merged,1026.0,21.0,4.0,131.96,2025-11-24,Clean Code,Books,32.99,,,
sales_merged,1027.0,21.0,4.0,131.96,2025-11-24,Clean Code,Books,32.99,,,
sales_merged,1028.0,21.0,17.0,560.83,2025-12-23,Clean Code,Books,32.99,,,
sales_merged,1029.0,21.0,8.0,263.92,2026-01-18,Clean Code,Books,32.99,,,
sales_merged,1030.0,21.0,8.0,263.92,2026-01-11,Clean Code,Books,32.99,,,
sales_merged,1031.0,21.0,7.0,230.93,2026-01-22,Clean Code,Books,32.99,,,
sales_merged,1032.0,21.0,4.0,131.96,2026-02-22,Clean Code,Books,32.99,,,
sales_merged,1033.0,21.0,3.0,98.97,2026-02-25,Clean Code,Books,32.99,,,
sales_merged,1034.0,21.0,3.0,98.97,2026-02-28,Clean Code,Books,32.99,,,
sales_merged,1035.0,21.0,3.0,98.97,2026-02-24,Clean Code,Books,32.99,,,
sales_merged,1036.0,21.0,3.0,98.97,2026-02-22,Clean Code,Books,32.99,,,
sales_merged,1037.0,21.0,4.0,131.96,2026-02-21,Clean Code,Books,32.99,,,
sales_merged,1038.0,21.0,3.0,98.97,2026-02-26,Clean Code,Books,32.99,,,
sales_merged,1039.0,21.0,3.0,98.97,2026-02-23,Clean Code,Books,32.99,,,
sales_merged,1040.0,21.0,5.0,164.95,2026-03-09,Clean Code,Books,32.99,,,
sales_merged,1041.0,21.0,5.0,164.95,2026-03-18,Clean Code,Books,32.99,,,
sales_merged,1042.0,21.0,6.0,197.94,2026-03-10,Clean Code,Books,32.99,,,
sales_merged,1043.0,21.0,5.0,164.95,2026-03-08,Clean Code,Books,32.99,,,
sales_merged,1044.0,21.0,5.0,164.95,2026-03-31,Clean Code,Books,32.99,,,
sales_merged,1045.0,21.0,6.0,197.94,2026-04-11,Clean Code,Books,32.99,,,
sales_merged,1046.0,21.0,5.0,164.95,2026-04-16,Clean Code,Books,32.99,,,
sales_merged,1047.0,21.0,5.0,164.95,2026-04-12,Clean Code,Books,32.99,,,
sales_merged,1048.0,21.0,5.0,164.95,2026-04-18,Clean Code,Books,32.99,,,
sales_merged,1049.0,21.0,5.0,164.95,2026-04-30,Clean Code,Books,32.99,,,
sales_merged,1050.0,21.0,5.0,164.95,2026-05-29,Clean Code,Books,32.99,,,
sales_merged,1051.0,21.0,6.0,197.94,2026-05-13,Clean Code,Books,32.99,,,
sales_merged,1052.0,21.0,5.0,164.95,2026-05-27,Clean Code,Books,32.99,,,
sales_merged,1053.0,21.0,6.0,197.94,2026-05-12,Clean Code,Books,32.99,,,
sales_merged,1054.0,21.0,6.0,197.94,2026-05-31,Clean Code,Books,32.99,,,
sales_merged,1055.0,21.0,11.0,362.89,2026-06-10,Clean Code,Books,32.99,,,
sales_merged,1056.0,21.0,12.0,395.88,2026-06-23,Clean Code,Books,32.99,,,
sales_merged,1057.0,21.0,12.0,395.88,2026-06-03,Clean Code,Books,32.99,,,
sales_merged,1058.0,21.0,7.0,230.93,2026-07-27,Clean Code,Books,32.99,,,
sales_merged,1059.0,21.0,6.0,197.94,2026-07-18,Clean Code,Books,32.99,,,
sales_merged,1060.0,21.0,7.0,230.93,2026-07-09,Clean Code,Books,32.99,,,
sales_merged,1061.0,21.0,6.0,197.94,2026-07-30,Clean Code,Books,32.99,,,
sales_merged,1062.0,21.0,7.0,230.93,2026-07-18,Clean Code,Books,32.99,,,
sales_merged,1063.0,21.0,6.0,197.94,2026-07-23,Clean Code,Books,32.99,,,
sales_merged,1064.0,21.0,9.0,296.91,2026-08-08,Clean Code,Books,32.99,,,
sales_merged,1065.0,21.0,9.0,296.91,2026-08-02,Clean Code,Books,32.99,,,
sales_merged,1066.0,21.0,9.0,296.91,2026-08-22,Clean Code,Books,32.99,,,
sales_merged,1067.0,21.0,10.0,329.9,2026-08-29,Clean Code,Books,32.99,,,
sales_merged,1068.0,21.0,10.0,329.9,2026-08-17,Clean Code,Books,32.99,,,
sales_merged,1069.0,21.0,14.0,461.86,2026-09-14,Clean Code,Books,32.99,,,
sales_merged,1070.0,21.0,14.0,461.86,2026-09-11,Clean Code,Books,32.99,,,
sales_merged,1071.0,21.0,15.0,494.85,2026-09-23,Clean Code,Books,32.99,,,
sales_merged,1072.0,21.0,14.0,461.86,2026-09-16,Clean Code,Books,32.99,,,
sales_merged,1073.0,22.0,41.0,2049.59,2025-10-30,Dog Bed (Large),Pet Supplies,49.99,,,
sales_merged,1074.0,22.0,31.0,1549.69,2025-11-18,Dog Bed (Large),Pet Supplies,49.99,,,
sales_merged,1075.0,22.0,32.0,1599.68,2025-11-24,Dog Bed (Large),Pet Supplies,49.99,,,
sales_merged,1076.0,22.0,67.0,3349.33,2025-12-30,Dog Bed (Large),Pet Supplies,49.99,,,
sales_merged,1077.0,22.0,27.0,1349.73,2026-01-30,Dog Bed (Large),Pet Supplies,49.99,,,
sales_merged,1078.0,22.0,28.0,1399.72,2026-01-30,Dog Bed (Large),Pet Supplies,49.99,,,
sales_merged,1079.0,22.0,27.0,1349.73,2026-01-02,Dog Bed (Large),Pet Supplies,49.99,,,
sales_merged,1080.0,22.0,12.0,599.88,2026-02-10,Dog Bed (Large),Pet Supplies,49.99,,,
sales_merged,1081.0,22.0,12.0,599.88,2026-02-19,Dog Bed (Large),Pet Supplies,49.99,,,
sales_merged,1082.0,22.0,13.0,649.87,2026-02-20,Dog Bed (Large),Pet Supplies,49.99,,,
sales_merged,1083.0,22.0,13.0,649.87,2026-02-04,Dog Bed (Large),Pet Supplies,49.99,,,
sales_merged,1084.0,22.0,13.0,649.87,2026-02-11,Dog Bed (Large),Pet Supplies,49.99,,,
sales_merged,1085.0,22.0,13.0,649.87,2026-02-10,Dog Bed (Large),Pet Supplies,49.99,,,
sales_merged,1086.0,22.0,12.0,599.88,2026-02-15,Dog Bed (Large),Pet Supplies,49.99,,,
sales_merged,1087.0,22.0,12.0,599.88,2026-03-11,Dog Bed (Large),Pet Supplies,49.99,,,
sales_merged,1088.0,22.0,12.0,599.88,2026-03-06,Dog Bed (Large),Pet Supplies,49.99,,,
sales_merged,1089.0,22.0,12.0,599.88,2026-03-24,Dog Bed (Large),Pet Supplies,49.99,,,
sales_merged,1090.0,22.0,11.0,549.89,2026-03-15,Dog Bed (Large),Pet Supplies,49.99,,,
sales_merged,1091.0,22.0,12.0,599.88,2026-03-21,Dog Bed (Large),Pet Supplies,49.99,,,
sales_merged,1092.0,22.0,12.0,599.88,2026-03-09,Dog Bed (Large),Pet Supplies,49.99,,,
sales_merged,1093.0,22.0,12.0,599.88,2026-03-23,Dog Bed (Large),Pet Supplies,49.99,,,
sales_merged,1094.0,22.0,12.0,599.88,2026-03-06,Dog Bed (Large),Pet Supplies,49.99,,,
sales_merged,1095.0,22.0,111.0,5548.89,2026-04-24,Dog Bed (Large),Pet Supplies,49.99,,,
sales_merged,1096.0,22.0,20.0,999.8,2026-05-27,Dog Bed (Large),Pet Supplies,49.99,,,
sales_merged,1097.0,22.0,20.0,999.8,2026-05-14,Dog Bed (Large),Pet Supplies,49.99,,,
sales_merged,1098.0,22.0,21.0,1049.79,2026-05-17,Dog Bed (Large),Pet Supplies,49.99,,,
sales_merged,1099.0,22.0,21.0,1049.79,2026-05-11,Dog Bed (Large),Pet Supplies,49.99,,,
sales_merged,1100.0,22.0,20.0,999.8,2026-05-03,Dog Bed (Large),Pet Supplies,49.99,,,
sales_merged,1101.0,22.0,21.0,1049.79,2026-05-13,Dog Bed (Large),Pet Supplies,49.99,,,
sales_merged,1102.0,22.0,66.0,3299.34,2026-06-05,Dog Bed (Large),Pet Supplies,49.99,,,
sales_merged,1103.0,22.0,67.0,3349.33,2026-06-16,Dog Bed (Large),Pet Supplies,49.99,,,
sales_merged,1104.0,22.0,24.0,1199.76,2026-07-15,Dog Bed (Large),Pet Supplies,49.99,,,
sales_merged,1105.0,22.0,24.0,1199.76,2026-07-25,Dog Bed (Large),Pet Supplies,49.99,,,
sales_merged,1106.0,22.0,24.0,1199.76,2026-07-09,Dog Bed (Large),Pet Supplies,49.99,,,
sales_merged,1107.0,22.0,24.0,1199.76,2026-07-31,Dog Bed (Large),Pet Supplies,49.99,,,
sales_merged,1108.0,22.0,24.0,1199.76,2026-07-11,Dog Bed (Large),Pet Supplies,49.99,,,
sales_merged,1109.0,22.0,24.0,1199.76,2026-07-10,Dog Bed (Large),Pet Supplies,49.99,,,
sales_merged,1110.0,22.0,174.0,8698.26,2026-08-09,Dog Bed (Large),Pet Supplies,49.99,,,
sales_merged,1111.0,22.0,34.0,1699.66,2026-09-15,Dog Bed (Large),Pet Supplies,49.99,,,
sales_merged,1112.0,22.0,34.0,1699.66,2026-09-10,Dog Bed (Large),Pet Supplies,49.99,,,
sales_merged,1113.0,22.0,34.0,1699.66,2026-09-06,Dog Bed (Large),Pet Supplies,49.99,,,
sales_merged,1114.0,22.0,35.0,1749.65,2026-09-13,Dog Bed (Large),Pet Supplies,49.99,,,
sales_merged,1115.0,22.0,34.0,1699.66,2026-09-22,Dog Bed (Large),Pet Supplies,49.99,,,
sales_merged,1116.0,22.0,34.0,1699.66,2026-09-17,Dog Bed (Large),Pet Supplies,49.99,,,
sales_merged,1117.0,23.0,3.0,89.97,2025-10-25,Cat Litter Box,Pet Supplies,29.99,,,
sales_merged,1118.0,23.0,3.0,89.97,2025-10-08,Cat Litter Box,Pet Supplies,29.99,,,
sales_merged,1119.0,23.0,3.0,89.97,2025-10-22,Cat Litter Box,Pet Supplies,29.99,,,
sales_merged,1120.0,23.0,2.0,59.98,2025-10-25,Cat Litter Box,Pet Supplies,29.99,,,
sales_merged,1121.0,23.0,2.0,59.98,2025-10-20,Cat Litter Box,Pet Supplies,29.99,,,
sales_merged,1122.0,23.0,3.0,89.97,2025-10-28,Cat Litter Box,Pet Supplies,29.99,,,
sales_merged,1123.0,23.0,10.0,299.9,2025-11-17,Cat Litter Box,Pet Supplies,29.99,,,
sales_merged,1124.0,23.0,10.0,299.9,2025-11-23,Cat Litter Box,Pet Supplies,29.99,,,
sales_merged,1125.0,23.0,4.0,119.96,2025-12-19,Cat Litter Box,Pet Supplies,29.99,,,
sales_merged,1126.0,23.0,4.0,119.96,2025-12-18,Cat Litter Box,Pet Supplies,29.99,,,
sales_merged,1127.0,23.0,4.0,119.96,2025-12-05,Cat Litter Box,Pet Supplies,29.99,,,
sales_merged,1128.0,23.0,3.0,89.97,2025-12-06,Cat Litter Box,Pet Supplies,29.99,,,
sales_merged,1129.0,23.0,3.0,89.97,2025-12-11,Cat Litter Box,Pet Supplies,29.99,,,
sales_merged,1130.0,23.0,4.0,119.96,2025-12-28,Cat Litter Box,Pet Supplies,29.99,,,
sales_merged,1131.0,23.0,3.0,89.97,2026-01-26,Cat Litter Box,Pet Supplies,29.99,,,
sales_merged,1132.0,23.0,3.0,89.97,2026-01-02,Cat Litter Box,Pet Supplies,29.99,,,
sales_merged,1133.0,23.0,4.0,119.96,2026-01-15,Cat Litter Box,Pet Supplies,29.99,,,
sales_merged,1134.0,23.0,3.0,89.97,2026-01-05,Cat Litter Box,Pet Supplies,29.99,,,
sales_merged,1135.0,23.0,3.0,89.97,2026-01-17,Cat Litter Box,Pet Supplies,29.99,,,
sales_merged,1136.0,23.0,3.0,89.97,2026-01-14,Cat Litter Box,Pet Supplies,29.99,,,
sales_merged,1137.0,23.0,3.0,89.97,2026-01-15,Cat Litter Box,Pet Supplies,29.99,,,
sales_merged,1138.0,23.0,3.0,89.97,2026-01-19,Cat Litter Box,Pet Supplies,29.99,,,
sales_merged,1139.0,23.0,25.0,749.75,2026-02-18,Cat Litter Box,Pet Supplies,29.99,,,
sales_merged,1140.0,23.0,4.0,119.96,2026-03-19,Cat Litter Box,Pet Supplies,29.99,,,
sales_merged,1141.0,23.0,3.0,89.97,2026-03-03,Cat Litter Box,Pet Supplies,29.99,,,
sales_merged,1142.0,23.0,4.0,119.96,2026-03-02,Cat Litter Box,Pet Supplies,29.99,,,
sales_merged,1143.0,23.0,4.0,119.96,2026-03-14,Cat Litter Box,Pet Supplies,29.99,,,
sales_merged,1144.0,23.0,4.0,119.96,2026-03-12,Cat Litter Box,Pet Supplies,29.99,,,
sales_merged,1145.0,23.0,4.0,119.96,2026-03-23,Cat Litter Box,Pet Supplies,29.99,,,
sales_merged,1146.0,23.0,4.0,119.96,2026-03-03,Cat Litter Box,Pet Supplies,29.99,,,
sales_merged,1147.0,23.0,4.0,119.96,2026-03-18,Cat Litter Box,Pet Supplies,29.99,,,
sales_merged,1148.0,23.0,29.0,869.71,2026-04-30,Cat Litter Box,Pet Supplies,29.99,,,
sales_merged,1149.0,23.0,16.0,479.84,2026-05-02,Cat Litter Box,Pet Supplies,29.99,,,
sales_merged,1150.0,23.0,16.0,479.84,2026-05-10,Cat Litter Box,Pet Supplies,29.99,,,
sales_merged,1151.0,23.0,6.0,179.94,2026-06-28,Cat Litter Box,Pet Supplies,29.99,,,
sales_merged,1152.0,23.0,6.0,179.94,2026-06-30,Cat Litter Box,Pet Supplies,29.99,,,
sales_merged,1153.0,23.0,6.0,179.94,2026-06-30,Cat Litter Box,Pet Supplies,29.99,,,
sales_merged,1154.0,23.0,6.0,179.94,2026-06-13,Cat Litter Box,Pet Supplies,29.99,,,
sales_merged,1155.0,23.0,6.0,179.94,2026-06-13,Cat Litter Box,Pet Supplies,29.99,,,
sales_merged,1156.0,23.0,5.0,149.95,2026-06-03,Cat Litter Box,Pet Supplies,29.99,,,
sales_merged,1157.0,23.0,6.0,179.94,2026-06-22,Cat Litter Box,Pet Supplies,29.99,,,
sales_merged,1158.0,23.0,14.0,419.86,2026-07-04,Cat Litter Box,Pet Supplies,29.99,,,
sales_merged,1159.0,23.0,14.0,419.86,2026-07-06,Cat Litter Box,Pet Supplies,29.99,,,
sales_merged,1160.0,23.0,13.0,389.87,2026-07-18,Cat Litter Box,Pet Supplies,29.99,,,
sales_merged,1161.0,23.0,7.0,209.93,2026-08-15,Cat Litter Box,Pet Supplies,29.99,,,
sales_merged,1162.0,23.0,6.0,179.94,2026-08-22,Cat Litter Box,Pet Supplies,29.99,,,
sales_merged,1163.0,23.0,7.0,209.93,2026-08-24,Cat Litter Box,Pet Supplies,29.99,,,
sales_merged,1164.0,23.0,7.0,209.93,2026-08-18,Cat Litter Box,Pet Supplies,29.99,,,
sales_merged,1165.0,23.0,7.0,209.93,2026-08-14,Cat Litter Box,Pet Supplies,29.99,,,
sales_merged,1166.0,23.0,7.0,209.93,2026-08-18,Cat Litter Box,Pet Supplies,29.99,,,
sales_merged,1167.0,23.0,7.0,209.93,2026-08-13,Cat Litter Box,Pet Supplies,29.99,,,
sales_merged,1168.0,23.0,16.0,479.84,2026-09-05,Cat Litter Box,Pet Supplies,29.99,,,
sales_merged,1169.0,23.0,15.0,449.85,2026-09-09,Cat Litter Box,Pet Supplies,29.99,,,
sales_merged,1170.0,23.0,15.0,449.85,2026-09-07,Cat Litter Box,Pet Supplies,29.99,,,
sales_merged,1171.0,23.0,16.0,479.84,2026-09-30,Cat Litter Box,Pet Supplies,29.99,,,
sales_merged,1172.0,24.0,6.0,89.94,2025-10-08,Dog Leash,Pet Supplies,14.99,,,
sales_merged,1173.0,24.0,1.0,14.99,2025-11-25,Dog Leash,Pet Supplies,14.99,,,
sales_merged,1174.0,24.0,1.0,14.99,2025-11-28,Dog Leash,Pet Supplies,14.99,,,
sales_merged,1175.0,24.0,1.0,14.99,2025-11-25,Dog Leash,Pet Supplies,14.99,,,
sales_merged,1176.0,24.0,1.0,14.99,2025-11-02,Dog Leash,Pet Supplies,14.99,,,
sales_merged,1177.0,24.0,1.0,14.99,2025-11-05,Dog Leash,Pet Supplies,14.99,,,
sales_merged,1178.0,24.0,1.0,14.99,2025-11-17,Dog Leash,Pet Supplies,14.99,,,
sales_merged,1179.0,24.0,1.0,14.99,2025-12-08,Dog Leash,Pet Supplies,14.99,,,
sales_merged,1180.0,24.0,1.0,14.99,2026-01-29,Dog Leash,Pet Supplies,14.99,,,
sales_merged,1181.0,24.0,1.0,14.99,2026-01-05,Dog Leash,Pet Supplies,14.99,,,
sales_merged,1182.0,24.0,1.0,14.99,2026-01-22,Dog Leash,Pet Supplies,14.99,,,
sales_merged,1183.0,24.0,1.0,14.99,2026-01-17,Dog Leash,Pet Supplies,14.99,,,
sales_merged,1184.0,24.0,1.0,14.99,2026-01-08,Dog Leash,Pet Supplies,14.99,,,
sales_merged,1185.0,24.0,1.0,14.99,2026-01-14,Dog Leash,Pet Supplies,14.99,,,
sales_merged,1186.0,24.0,2.0,29.98,2026-02-18,Dog Leash,Pet Supplies,14.99,,,
sales_merged,1187.0,24.0,2.0,29.98,2026-02-19,Dog Leash,Pet Supplies,14.99,,,
sales_merged,1188.0,24.0,2.0,29.98,2026-02-24,Dog Leash,Pet Supplies,14.99,,,
sales_merged,1189.0,24.0,3.0,44.97,2026-03-18,Dog Leash,Pet Supplies,14.99,,,
sales_merged,1190.0,24.0,3.0,44.97,2026-03-16,Dog Leash,Pet Supplies,14.99,,,
sales_merged,1191.0,24.0,3.0,44.97,2026-03-02,Dog Leash,Pet Supplies,14.99,,,
sales_merged,1192.0,24.0,2.0,29.98,2026-04-14,Dog Leash,Pet Supplies,14.99,,,
sales_merged,1193.0,24.0,2.0,29.98,2026-04-05,Dog Leash,Pet Supplies,14.99,,,
sales_merged,1194.0,24.0,1.0,14.99,2026-04-10,Dog Leash,Pet Supplies,14.99,,,
sales_merged,1195.0,24.0,2.0,29.98,2026-04-13,Dog Leash,Pet Supplies,14.99,,,
sales_merged,1196.0,24.0,1.0,14.99,2026-04-06,Dog Leash,Pet Supplies,14.99,,,
sales_merged,1197.0,24.0,1.0,14.99,2026-04-25,Dog Leash,Pet Supplies,14.99,,,
sales_merged,1198.0,24.0,1.0,14.99,2026-05-28,Dog Leash,Pet Supplies,14.99,,,
sales_merged,1199.0,24.0,1.0,14.99,2026-05-23,Dog Leash,Pet Supplies,14.99,,,
sales_merged,1200.0,24.0,1.0,14.99,2026-05-05,Dog Leash,Pet Supplies,14.99,,,
sales_merged,1201.0,24.0,1.0,14.99,2026-05-26,Dog Leash,Pet Supplies,14.99,,,
sales_merged,1202.0,24.0,1.0,14.99,2026-05-15,Dog Leash,Pet Supplies,14.99,,,
sales_merged,1203.0,24.0,4.0,59.96,2026-06-18,Dog Leash,Pet Supplies,14.99,,,
sales_merged,1204.0,24.0,1.0,14.99,2026-07-09,Dog Leash,Pet Supplies,14.99,,,
sales_merged,1205.0,24.0,2.0,29.98,2026-07-07,Dog Leash,Pet Supplies,14.99,,,
sales_merged,1206.0,24.0,1.0,14.99,2026-07-11,Dog Leash,Pet Supplies,14.99,,,
sales_merged,1207.0,24.0,2.0,29.98,2026-07-21,Dog Leash,Pet Supplies,14.99,,,
sales_merged,1208.0,24.0,1.0,14.99,2026-07-03,Dog Leash,Pet Supplies,14.99,,,
sales_merged,1209.0,24.0,1.0,14.99,2026-07-30,Dog Leash,Pet Supplies,14.99,,,
sales_merged,1210.0,24.0,1.0,14.99,2026-07-15,Dog Leash,Pet Supplies,14.99,,,
sales_merged,1211.0,24.0,2.0,29.98,2026-08-13,Dog Leash,Pet Supplies,14.99,,,
sales_merged,1212.0,24.0,1.0,14.99,2026-08-22,Dog Leash,Pet Supplies,14.99,,,
sales_merged,1213.0,24.0,1.0,14.99,2026-08-20,Dog Leash,Pet Supplies,14.99,,,
sales_merged,1214.0,24.0,2.0,29.98,2026-08-20,Dog Leash,Pet Supplies,14.99,,,
sales_merged,1215.0,24.0,1.0,14.99,2026-08-02,Dog Leash,Pet Supplies,14.99,,,
sales_merged,1216.0,24.0,2.0,29.98,2026-08-28,Dog Leash,Pet Supplies,14.99,,,
sales_merged,1217.0,24.0,6.0,89.94,2026-09-26,Dog Leash,Pet Supplies,14.99,,,
sales_merged,1218.0,24.0,7.0,104.93,2026-09-25,Dog Leash,Pet Supplies,14.99,,,
sales_merged,1219.0,9.0,3.0,839.97,2025-10-18,Ergonomic Office Chair,Furniture,279.99,,,
sales_merged,1220.0,9.0,3.0,839.97,2025-10-11,Ergonomic Office Chair,Furniture,279.99,,,
sales_merged,1221.0,9.0,3.0,839.97,2025-10-25,Ergonomic Office Chair,Furniture,279.99,,,
sales_merged,1222.0,9.0,3.0,839.97,2025-10-10,Ergonomic Office Chair,Furniture,279.99,,,
sales_merged,1223.0,9.0,3.0,839.97,2025-11-17,Ergonomic Office Chair,Furniture,279.99,,,
sales_merged,1224.0,9.0,2.0,559.98,2025-11-29,Ergonomic Office Chair,Furniture,279.99,,,
sales_merged,1225.0,9.0,3.0,839.97,2025-11-16,Ergonomic Office Chair,Furniture,279.99,,,
sales_merged,1226.0,9.0,2.0,559.98,2025-11-15,Ergonomic Office Chair,Furniture,279.99,,,
sales_merged,1227.0,9.0,3.0,839.97,2025-11-04,Ergonomic Office Chair,Furniture,279.99,,,
sales_merged,1228.0,9.0,2.0,559.98,2025-11-26,Ergonomic Office Chair,Furniture,279.99,,,
sales_merged,1229.0,9.0,2.0,559.98,2025-11-24,Ergonomic Office Chair,Furniture,279.99,,,
sales_merged,1230.0,9.0,2.0,559.98,2025-12-24,Ergonomic Office Chair,Furniture,279.99,,,
sales_merged,1231.0,9.0,2.0,559.98,2025-12-05,Ergonomic Office Chair,Furniture,279.99,,,
sales_merged,1232.0,9.0,3.0,839.97,2025-12-01,Ergonomic Office Chair,Furniture,279.99,,,
sales_merged,1233.0,9.0,2.0,559.98,2025-12-09,Ergonomic Office Chair,Furniture,279.99,,,
sales_merged,1234.0,9.0,2.0,559.98,2025-12-18,Ergonomic Office Chair,Furniture,279.99,,,
sales_merged,1235.0,9.0,2.0,559.98,2025-12-30,Ergonomic Office Chair,Furniture,279.99,,,
sales_merged,1236.0,9.0,2.0,559.98,2025-12-19,Ergonomic Office Chair,Furniture,279.99,,,
sales_merged,1237.0,9.0,2.0,559.98,2025-12-19,Ergonomic Office Chair,Furniture,279.99,,,
sales_merged,1238.0,9.0,3.0,839.97,2026-01-19,Ergonomic Office Chair,Furniture,279.99,,,
sales_merged,1239.0,9.0,3.0,839.97,2026-01-27,Ergonomic Office Chair,Furniture,279.99,,,
sales_merged,1240.0,9.0,3.0,839.97,2026-01-08,Ergonomic Office Chair,Furniture,279.99,,,
sales_merged,1241.0,9.0,2.0,559.98,2026-01-16,Ergonomic Office Chair,Furniture,279.99,,,
sales_merged,1242.0,9.0,2.0,559.98,2026-01-18,Ergonomic Office Chair,Furniture,279.99,,,
sales_merged,1243.0,9.0,3.0,839.97,2026-01-21,Ergonomic Office Chair,Furniture,279.99,,,
sales_merged,1244.0,9.0,3.0,839.97,2026-01-31,Ergonomic Office Chair,Furniture,279.99,,,
sales_merged,1245.0,9.0,4.0,1119.96,2026-02-24,Ergonomic Office Chair,Furniture,279.99,,,
sales_merged,1246.0,9.0,5.0,1399.95,2026-02-26,Ergonomic Office Chair,Furniture,279.99,,,
sales_merged,1247.0,9.0,5.0,1399.95,2026-02-12,Ergonomic Office Chair,Furniture,279.99,,,
sales_merged,1248.0,9.0,4.0,1119.96,2026-02-06,Ergonomic Office Chair,Furniture,279.99,,,
sales_merged,1249.0,9.0,4.0,1119.96,2026-02-05,Ergonomic Office Chair,Furniture,279.99,,,
sales_merged,1250.0,9.0,4.0,1119.96,2026-02-24,Ergonomic Office Chair,Furniture,279.99,,,
sales_merged,1251.0,9.0,3.0,839.97,2026-03-25,Ergonomic Office Chair,Furniture,279.99,,,
sales_merged,1252.0,9.0,3.0,839.97,2026-03-01,Ergonomic Office Chair,Furniture,279.99,,,
sales_merged,1253.0,9.0,3.0,839.97,2026-03-14,Ergonomic Office Chair,Furniture,279.99,,,
sales_merged,1254.0,9.0,3.0,839.97,2026-03-05,Ergonomic Office Chair,Furniture,279.99,,,
sales_merged,1255.0,9.0,3.0,839.97,2026-03-27,Ergonomic Office Chair,Furniture,279.99,,,
sales_merged,1256.0,9.0,3.0,839.97,2026-03-21,Ergonomic Office Chair,Furniture,279.99,,,
sales_merged,1257.0,9.0,3.0,839.97,2026-03-08,Ergonomic Office Chair,Furniture,279.99,,,
sales_merged,1258.0,9.0,3.0,839.97,2026-03-03,Ergonomic Office Chair,Furniture,279.99,,,
sales_merged,1259.0,9.0,11.0,3079.89,2026-04-17,Ergonomic Office Chair,Furniture,279.99,,,
sales_merged,1260.0,9.0,10.0,2799.9,2026-04-15,Ergonomic Office Chair,Furniture,279.99,,,
sales_merged,1261.0,9.0,11.0,3079.89,2026-04-12,Ergonomic Office Chair,Furniture,279.99,,,
sales_merged,1262.0,9.0,29.0,8119.71,2026-05-20,Ergonomic Office Chair,Furniture,279.99,,,
sales_merged,1263.0,9.0,4.0,1119.96,2026-06-17,Ergonomic Office Chair,Furniture,279.99,,,
sales_merged,1264.0,9.0,4.0,1119.96,2026-06-24,Ergonomic Office Chair,Furniture,279.99,,,
sales_merged,1265.0,9.0,4.0,1119.96,2026-06-09,Ergonomic Office Chair,Furniture,279.99,,,
sales_merged,1266.0,9.0,4.0,1119.96,2026-06-18,Ergonomic Office Chair,Furniture,279.99,,,
sales_merged,1267.0,9.0,4.0,1119.96,2026-06-10,Ergonomic Office Chair,Furniture,279.99,,,
sales_merged,1268.0,9.0,4.0,1119.96,2026-06-01,Ergonomic Office Chair,Furniture,279.99,,,
sales_merged,1269.0,9.0,5.0,1399.95,2026-06-17,Ergonomic Office Chair,Furniture,279.99,,,
sales_merged,1270.0,9.0,4.0,1119.96,2026-06-27,Ergonomic Office Chair,Furniture,279.99,,,
sales_merged,1271.0,9.0,6.0,1679.94,2026-07-08,Ergonomic Office Chair,Furniture,279.99,,,
sales_merged,1272.0,9.0,6.0,1679.94,2026-07-07,Ergonomic Office Chair,Furniture,279.99,,,
sales_merged,1273.0,9.0,6.0,1679.94,2026-07-20,Ergonomic Office Chair,Furniture,279.99,,,
sales_merged,1274.0,9.0,6.0,1679.94,2026-07-17,Ergonomic Office Chair,Furniture,279.99,,,
sales_merged,1275.0,9.0,6.0,1679.94,2026-07-09,Ergonomic Office Chair,Furniture,279.99,,,
sales_merged,1276.0,9.0,6.0,1679.94,2026-07-27,Ergonomic Office Chair,Furniture,279.99,,,
sales_merged,1277.0,9.0,5.0,1399.95,2026-07-12,Ergonomic Office Chair,Furniture,279.99,,,
sales_merged,1278.0,9.0,9.0,2519.91,2026-08-15,Ergonomic Office Chair,Furniture,279.99,,,
sales_merged,1279.0,9.0,9.0,2519.91,2026-08-19,Ergonomic Office Chair,Furniture,279.99,,,
sales_merged,1280.0,9.0,10.0,2799.9,2026-08-08,Ergonomic Office Chair,Furniture,279.99,,,
sales_merged,1281.0,9.0,10.0,2799.9,2026-08-23,Ergonomic Office Chair,Furniture,279.99,,,
sales_merged,1282.0,9.0,9.0,2519.91,2026-08-08,Ergonomic Office Chair,Furniture,279.99,,,
sales_merged,1283.0,9.0,13.0,3639.87,2026-09-13,Ergonomic Office Chair,Furniture,279.99,,,
sales_merged,1284.0,9.0,13.0,3639.87,2026-09-13,Ergonomic Office Chair,Furniture,279.99,,,
sales_merged,1285.0,9.0,13.0,3639.87,2026-09-18,Ergonomic Office Chair,Furniture,279.99,,,
sales_merged,1286.0,9.0,13.0,3639.87,2026-09-16,Ergonomic Office Chair,Furniture,279.99,,,
sales_merged,1287.0,9.0,13.0,3639.87,2026-09-02,Ergonomic Office Chair,Furniture,279.99,,,
sales_merged,1288.0,8.0,1.0,349.99,2025-10-01,Standing Desk,Uncategorized,349.99,,,
sales_merged,1289.0,8.0,1.0,349.99,2025-10-31,Standing Desk,Uncategorized,349.99,,,
sales_merged,1290.0,8.0,1.0,349.99,2025-10-07,Standing Desk,Uncategorized,349.99,,,
sales_merged,1291.0,8.0,1.0,349.99,2025-10-19,Standing Desk,Uncategorized,349.99,,,
sales_merged,1292.0,8.0,1.0,349.99,2025-10-05,Standing Desk,Uncategorized,349.99,,,
sales_merged,1293.0,8.0,1.0,349.99,2025-10-25,Standing Desk,Uncategorized,349.99,,,
sales_merged,1294.0,8.0,2.0,699.98,2025-10-27,Standing Desk,Uncategorized,349.99,,,
sales_merged,1295.0,8.0,1.0,349.99,2025-10-23,Standing Desk,Uncategorized,349.99,,,
sales_merged,1296.0,8.0,1.0,349.99,2025-11-22,Standing Desk,Uncategorized,349.99,,,
sales_merged,1297.0,8.0,2.0,699.98,2025-11-29,Standing Desk,Uncategorized,349.99,,,
sales_merged,1298.0,8.0,1.0,349.99,2025-11-18,Standing Desk,Uncategorized,349.99,,,
sales_merged,1299.0,8.0,2.0,699.98,2025-11-11,Standing Desk,Uncategorized,349.99,,,
sales_merged,1300.0,8.0,2.0,699.98,2025-11-13,Standing Desk,Uncategorized,349.99,,,
sales_merged,1301.0,8.0,2.0,699.98,2025-11-25,Standing Desk,Uncategorized,349.99,,,
sales_merged,1302.0,8.0,2.0,699.98,2025-11-24,Standing Desk,Uncategorized,349.99,,,
sales_merged,1303.0,8.0,3.0,1049.97,2025-12-17,Standing Desk,Uncategorized,349.99,,,
sales_merged,1304.0,8.0,3.0,1049.97,2025-12-24,Standing Desk,Uncategorized,349.99,,,
sales_merged,1305.0,8.0,3.0,1049.97,2025-12-12,Standing Desk,Uncategorized,349.99,,,
sales_merged,1306.0,8.0,17.0,5949.83,2026-01-04,Standing Desk,Uncategorized,349.99,,,
sales_merged,1307.0,8.0,2.0,699.98,2026-02-21,Standing Desk,Uncategorized,349.99,,,
sales_merged,1308.0,8.0,2.0,699.98,2026-02-09,Standing Desk,Uncategorized,349.99,,,
sales_merged,1309.0,8.0,2.0,699.98,2026-02-26,Standing Desk,Uncategorized,349.99,,,
sales_merged,1310.0,8.0,2.0,699.98,2026-02-15,Standing Desk,Uncategorized,349.99,,,
sales_merged,1311.0,8.0,2.0,699.98,2026-02-16,Standing Desk,Uncategorized,349.99,,,
sales_merged,1312.0,8.0,3.0,1049.97,2026-02-08,Standing Desk,Uncategorized,349.99,,,
sales_merged,1313.0,8.0,3.0,1049.97,2026-02-12,Standing Desk,Uncategorized,349.99,,,
sales_merged,1314.0,8.0,2.0,699.98,2026-03-26,Standing Desk,Uncategorized,349.99,,,
sales_merged,1315.0,8.0,2.0,699.98,2026-03-08,Standing Desk,Uncategorized,349.99,,,
sales_merged,1316.0,8.0,3.0,1049.97,2026-03-23,Standing Desk,Uncategorized,349.99,,,
sales_merged,1317.0,8.0,2.0,699.98,2026-03-03,Standing Desk,Uncategorized,349.99,,,
sales_merged,1318.0,8.0,2.0,699.98,2026-03-03,Standing Desk,Uncategorized,349.99,,,
sales_merged,1319.0,8.0,2.0,699.98,2026-03-09,Standing Desk,Uncategorized,349.99,,,
sales_merged,1320.0,8.0,2.0,699.98,2026-03-05,Standing Desk,Uncategorized,349.99,,,
sales_merged,1321.0,8.0,4.0,1399.96,2026-04-04,Standing Desk,Uncategorized,349.99,,,
sales_merged,1322.0,8.0,3.0,1049.97,2026-04-03,Standing Desk,Uncategorized,349.99,,,
sales_merged,1323.0,8.0,3.0,1049.97,2026-04-01,Standing Desk,Uncategorized,349.99,,,
sales_merged,1324.0,8.0,3.0,1049.97,2026-04-10,Standing Desk,Uncategorized,349.99,,,
sales_merged,1325.0,8.0,4.0,1399.96,2026-04-15,Standing Desk,Uncategorized,349.99,,,
sales_merged,1326.0,8.0,3.0,1049.97,2026-04-12,Standing Desk,Uncategorized,349.99,,,
sales_merged,1327.0,8.0,3.0,1049.97,2026-04-25,Standing Desk,Uncategorized,349.99,,,
sales_merged,1328.0,8.0,5.0,1749.95,2026-05-14,Standing Desk,Uncategorized,349.99,,,
sales_merged,1329.0,8.0,5.0,1749.95,2026-05-15,Standing Desk,Uncategorized,349.99,,,
sales_merged,1330.0,8.0,5.0,1749.95,2026-05-18,Standing Desk,Uncategorized,349.99,,,
sales_merged,1331.0,8.0,5.0,1749.95,2026-05-18,Standing Desk,Uncategorized,349.99,,,
sales_merged,1332.0,8.0,5.0,1749.95,2026-05-17,Standing Desk,Uncategorized,349.99,,,
sales_merged,1333.0,8.0,4.0,1399.96,2026-06-20,Standing Desk,Uncategorized,349.99,,,
sales_merged,1334.0,8.0,4.0,1399.96,2026-06-20,Standing Desk,Uncategorized,349.99,,,
sales_merged,1335.0,8.0,4.0,1399.96,2026-06-26,Standing Desk,Uncategorized,349.99,,,
sales_merged,1336.0,8.0,4.0,1399.96,2026-06-11,Standing Desk,Uncategorized,349.99,,,
sales_merged,1337.0,8.0,3.0,1049.97,2026-06-28,Standing Desk,Uncategorized,349.99,,,
sales_merged,1338.0,8.0,3.0,1049.97,2026-06-13,Standing Desk,Uncategorized,349.99,,,
sales_merged,1339.0,8.0,4.0,1399.96,2026-06-01,Standing Desk,Uncategorized,349.99,,,
sales_merged,1340.0,8.0,6.0,2099.94,2026-07-19,Standing Desk,Uncategorized,349.99,,,
sales_merged,1341.0,8.0,6.0,2099.94,2026-07-17,Standing Desk,Uncategorized,349.99,,,
sales_merged,1342.0,8.0,6.0,2099.94,2026-07-06,Standing Desk,Uncategorized,349.99,,,
sales_merged,1343.0,8.0,5.0,1749.95,2026-07-22,Standing Desk,Uncategorized,349.99,,,
sales_merged,1344.0,8.0,6.0,2099.94,2026-07-13,Standing Desk,Uncategorized,349.99,,,
sales_merged,1345.0,8.0,9.0,3149.91,2026-08-10,Standing Desk,Uncategorized,349.99,,,
sales_merged,1346.0,8.0,9.0,3149.91,2026-08-09,Standing Desk,Uncategorized,349.99,,,
sales_merged,1347.0,8.0,10.0,3499.9,2026-08-16,Standing Desk,Uncategorized,349.99,,,
sales_merged,1348.0,8.0,15.0,5249.85,2026-09-14,Standing Desk,Uncategorized,349.99,,,
sales_merged,1349.0,8.0,15.0,5249.85,2026-09-09,Standing Desk,Uncategorized,349.99,,,
sales_merged,1350.0,8.0,15.0,5249.85,2026-09-14,Standing Desk,Uncategorized,349.99,,,
sales_merged,1351.0,1.0,1.0,24.99,2025-10-15,Wireless Mouse,Electronics,24.99,,,
sales_merged,1352.0,1.0,1.0,24.99,2025-10-11,Wireless Mouse,Electronics,24.99,,,
sales_merged,1353.0,1.0,2.0,49.98,2025-11-20,Wireless Mouse,Electronics,24.99,,,
sales_merged,1354.0,1.0,2.0,49.98,2025-11-23,Wireless Mouse,Electronics,24.99,,,
sales_merged,1355.0,1.0,1.0,24.99,2025-11-07,Wireless Mouse,Electronics,24.99,,,
sales_merged,1356.0,1.0,2.0,49.98,2025-11-16,Wireless Mouse,Electronics,24.99,,,
sales_merged,1357.0,1.0,1.0,24.99,2025-12-31,Wireless Mouse,Electronics,24.99,,,
sales_merged,1358.0,1.0,2.0,49.98,2025-12-11,Wireless Mouse,Electronics,24.99,,,
sales_merged,1359.0,1.0,2.0,49.98,2025-12-10,Wireless Mouse,Electronics,24.99,,,
sales_merged,1360.0,1.0,1.0,24.99,2026-01-30,Wireless Mouse,Electronics,24.99,,,
sales_merged,1361.0,1.0,2.0,49.98,2026-01-19,Wireless Mouse,Electronics,24.99,,,
sales_merged,1362.0,1.0,2.0,49.98,2026-01-07,Wireless Mouse,Electronics,24.99,,,
sales_merged,1363.0,1.0,1.0,24.99,2026-01-19,Wireless Mouse,Electronics,24.99,,,
sales_merged,1364.0,1.0,1.0,24.99,2026-01-18,Wireless Mouse,Electronics,24.99,,,
sales_merged,1365.0,1.0,1.0,24.99,2026-01-06,Wireless Mouse,Electronics,24.99,,,
sales_merged,1366.0,1.0,1.0,24.99,2026-01-22,Wireless Mouse,Electronics,24.99,,,
sales_merged,1367.0,1.0,1.0,24.99,2026-01-25,Wireless Mouse,Electronics,24.99,,,
sales_merged,1368.0,1.0,9.0,224.91,2026-02-24,Wireless Mouse,Electronics,24.99,,,
sales_merged,1369.0,1.0,1.0,24.99,2026-03-05,Wireless Mouse,Electronics,24.99,,,
sales_merged,1370.0,1.0,1.0,24.99,2026-03-21,Wireless Mouse,Electronics,24.99,,,
sales_merged,1371.0,1.0,1.0,24.99,2026-03-10,Wireless Mouse,Electronics,24.99,,,
sales_merged,1372.0,1.0,1.0,24.99,2026-03-08,Wireless Mouse,Electronics,24.99,,,
sales_merged,1373.0,1.0,1.0,24.99,2026-03-09,Wireless Mouse,Electronics,24.99,,,
sales_merged,1374.0,1.0,1.0,24.99,2026-03-22,Wireless Mouse,Electronics,24.99,,,
sales_merged,1375.0,1.0,1.0,24.99,2026-03-05,Wireless Mouse,Electronics,24.99,,,
sales_merged,1376.0,1.0,1.0,24.99,2026-03-23,Wireless Mouse,Electronics,24.99,,,
sales_merged,1377.0,1.0,1.0,24.99,2026-04-19,Wireless Mouse,Electronics,24.99,,,
sales_merged,1378.0,1.0,2.0,49.98,2026-04-13,Wireless Mouse,Electronics,24.99,,,
sales_merged,1379.0,1.0,2.0,49.98,2026-04-18,Wireless Mouse,Electronics,24.99,,,
sales_merged,1380.0,1.0,1.0,24.99,2026-04-17,Wireless Mouse,Electronics,24.99,,,
sales_merged,1381.0,1.0,2.0,49.98,2026-04-30,Wireless Mouse,Electronics,24.99,,,
sales_merged,1382.0,1.0,1.0,24.99,2026-04-30,Wireless Mouse,Electronics,24.99,,,
sales_merged,1383.0,1.0,1.0,24.99,2026-04-28,Wireless Mouse,Electronics,24.99,,,
sales_merged,1384.0,1.0,2.0,49.98,2026-05-22,Wireless Mouse,Electronics,24.99,,,
sales_merged,1385.0,1.0,1.0,24.99,2026-05-22,Wireless Mouse,Electronics,24.99,,,
sales_merged,1386.0,1.0,1.0,24.99,2026-05-12,Wireless Mouse,Electronics,24.99,,,
sales_merged,1387.0,1.0,1.0,24.99,2026-05-06,Wireless Mouse,Electronics,24.99,,,
sales_merged,1388.0,1.0,2.0,49.98,2026-05-21,Wireless Mouse,Electronics,24.99,,,
sales_merged,1389.0,1.0,2.0,49.98,2026-05-20,Wireless Mouse,Electronics,24.99,,,
sales_merged,1390.0,1.0,1.0,24.99,2026-05-02,Wireless Mouse,Electronics,24.99,,,
sales_merged,1391.0,1.0,1.0,24.99,2026-06-09,Wireless Mouse,Electronics,24.99,,,
sales_merged,1392.0,1.0,1.0,24.99,2026-06-08,Wireless Mouse,Electronics,24.99,,,
sales_merged,1393.0,1.0,1.0,24.99,2026-06-17,Wireless Mouse,Electronics,24.99,,,
sales_merged,1394.0,1.0,2.0,49.98,2026-06-24,Wireless Mouse,Electronics,24.99,,,
sales_merged,1395.0,1.0,1.0,24.99,2026-06-17,Wireless Mouse,Electronics,24.99,,,
sales_merged,1396.0,1.0,1.0,24.99,2026-06-18,Wireless Mouse,Electronics,24.99,,,
sales_merged,1397.0,1.0,1.0,24.99,2026-06-19,Wireless Mouse,Electronics,24.99,,,
sales_merged,1398.0,1.0,2.0,49.98,2026-07-15,Wireless Mouse,Electronics,24.99,,,
sales_merged,1399.0,1.0,2.0,49.98,2026-07-25,Wireless Mouse,Electronics,24.99,,,
sales_merged,1400.0,1.0,2.0,49.98,2026-07-22,Wireless Mouse,Electronics,24.99,,,
sales_merged,1401.0,1.0,2.0,49.98,2026-07-19,Wireless Mouse,Electronics,24.99,,,
sales_merged,1402.0,1.0,5.0,124.95,2026-08-16,Wireless Mouse,Electronics,24.99,,,
sales_merged,1403.0,1.0,6.0,149.94,2026-08-04,Wireless Mouse,Electronics,24.99,,,
sales_merged,1404.0,1.0,5.0,124.95,2026-08-10,Wireless Mouse,Electronics,24.99,,,
sales_merged,1405.0,1.0,3.0,74.97,2026-09-15,Wireless Mouse,Electronics,24.99,,,
sales_merged,1406.0,1.0,4.0,99.96,2026-09-26,Wireless Mouse,Electronics,24.99,,,
sales_merged,1407.0,1.0,4.0,99.96,2026-09-07,Wireless Mouse,Electronics,24.99,,,
sales_merged,1408.0,1.0,4.0,99.96,2026-09-17,Wireless Mouse,Electronics,24.99,,,
sales_merged,1409.0,1.0,4.0,99.96,2026-09-16,Wireless Mouse,Electronics,24.99,,,
sales_merged,1410.0,1.0,3.0,74.97,2026-09-12,Wireless Mouse,Electronics,24.99,,,
sales_merged,1411.0,1.0,4.0,99.96,2026-09-16,Wireless Mouse,Electronics,24.99,,,
raw_products,,,,,,,Electronics,,1.0,wireless mouse,
raw_products,,,,,,,Electronics,89.99,2.0,Mechanical Keyboard,
raw_products,,,,,,,Electronics,,3.0,Bluetooth Speaker,
raw_products,,,,,,,  electronics ,199.99,4.0,noise-cancelling headphones,
raw_products,,,,,,,Office Supplies,6.49,5.0,Ballpoint Pens (12-Pack),
raw_products,,,,,,,Office Supplies,9.99,6.0,Stapler,
raw_products,,,,,,,,8.49,7.0,Printer Paper (500 Sheets),
raw_products,,,,,,,,349.99,8.0,Standing Desk,
raw_products,,,,,,,Furniture,279.99,9.0,Ergonomic Office Chair,
raw_products,,,,,,,Furniture,44.99,10.0,Monitor Arm,
raw_products,,,,,,,Kitchen,54.99,11.0,Coffee Maker,
raw_products,,,,,,,Kitchen,79.99,12.0,Toaster Oven,
raw_products,,,,,,,Kitchen,64.99,13.0,Blender,
raw_products,,,,,,,Fitness,22.99,14.0,Yoga Mat,
raw_products,,,,,,,Fitness,59.99,15.0,Dumbbell Set (25 lb),
raw_products,,,,,,,Fitness,39.99,16.0,Kettlebell (20 lb),
raw_products,,,,,,,Outdoors,149.99,17.0,Camping Tent (4-Person),
raw_products,,,,,,,outdoors,69.99,18.0,Sleeping Bag,
raw_products,,,,,,,Outdoors,24.99,19.0,LED Lantern,
raw_products,,,,,,,Books,16.99,20.0,The Lean Startup,
raw_products,,,,,,,Books,32.99,21.0,  Clean Code,
raw_products,,,,,,,PET SUPPLIES,49.99,22.0,Dog Bed (Large),
raw_products,,,,,,,Pet Supplies,29.99,23.0,Cat Litter Box,
raw_products,,,,,,,pet supplies,14.99,24.0,dog leash,
raw_products,,,,,,,Furniture,279.99,25.0,ergonomic office chair,
raw_products,,,,,,,furniture,349.99,26.0,  Standing Desk  ,
raw_products,,,,,,,Electronics,24.99,27.0,Wireless MOUSE,
raw_sales,,1.0,1.0,0.0,2025-10-29,,,,1.0,,
raw_sales,,1.0,1.0,0.0,2025-10-19,,,,2.0,,
raw_sales,,1.0,2.0,0.0,2025-11-08,,,,3.0,,
raw_sales,,1.0,1.0,0.0,2025-11-05,,,,4.0,,
raw_sales,,1.0,1.0,0.0,2025-12-26,,,,5.0,,
raw_sales,,1.0,1.0,0.0,2025-12-22,,,,6.0,,
raw_sales,,1.0,1.0,0.0,2025-12-14,,,,7.0,,
raw_sales,,1.0,1.0,0.0,2025-12-20,,,,8.0,,
raw_sales,,1.0,1.0,0.0,2025-12-03,,,,9.0,,
raw_sales,,1.0,2.0,0.0,2025-12-13,,,,10.0,,
raw_sales,,1.0,1.0,0.0,2025-12-13,,,,11.0,,
raw_sales,,1.0,1.0,0.0,2025-12-20,,,,12.0,,
raw_sales,,1.0,1.0,0.0,2026-01-04,,,,13.0,,
raw_sales,,1.0,2.0,0.0,2026-01-10,,,,14.0,,
raw_sales,,1.0,1.0,0.0,2026-01-14,,,,15.0,,
raw_sales,,1.0,1.0,0.0,2026-01-06,,,,16.0,,
raw_sales,,1.0,1.0,0.0,2026-01-15,,,,17.0,,
raw_sales,,1.0,2.0,0.0,2026-01-01,,,,18.0,,
raw_sales,,1.0,1.0,0.0,2026-01-31,,,,19.0,,
raw_sales,,1.0,1.0,0.0,2026-01-24,,,,20.0,,
raw_sales,,1.0,2.0,0.0,2026-02-17,,,,21.0,,
raw_sales,,1.0,2.0,0.0,2026-02-04,,,,22.0,,
raw_sales,,1.0,1.0,0.0,2026-02-28,,,,23.0,,
raw_sales,,1.0,2.0,0.0,2026-03-25,,,,24.0,,
raw_sales,,1.0,2.0,0.0,2026-03-06,,,,25.0,,
raw_sales,,1.0,2.0,0.0,2026-03-18,,,,26.0,,
raw_sales,,1.0,2.0,0.0,2026-03-31,,,,27.0,,
raw_sales,,1.0,1.0,0.0,2026-03-25,,,,28.0,,
raw_sales,,1.0,8.0,0.0,2026-04-20,,,,29.0,,
raw_sales,,1.0,2.0,0.0,2026-05-08,,,,30.0,,
raw_sales,,1.0,2.0,0.0,2026-05-02,,,,31.0,,
raw_sales,,1.0,2.0,0.0,2026-05-08,,,,32.0,,
raw_sales,,1.0,2.0,0.0,2026-05-29,,,,33.0,,
raw_sales,,1.0,3.0,0.0,2026-05-19,,,,34.0,,
raw_sales,,1.0,2.0,0.0,2026-05-31,,,,35.0,,
raw_sales,,1.0,5.0,0.0,2026-06-24,,,,36.0,,
raw_sales,,1.0,6.0,0.0,2026-06-16,,,,37.0,,
raw_sales,,1.0,5.0,0.0,2026-07-05,,,,38.0,,
raw_sales,,1.0,5.0,0.0,2026-07-22,,,,39.0,,
raw_sales,,1.0,2.0,0.0,2026-08-23,,,,40.0,,
raw_sales,,1.0,2.0,0.0,2026-08-10,,,,41.0,,
raw_sales,,1.0,2.0,0.0,2026-08-13,,,,42.0,,
raw_sales,,1.0,2.0,0.0,2026-08-22,,,,43.0,,
raw_sales,,1.0,2.0,0.0,2026-08-21,,,,44.0,,
raw_sales,,1.0,2.0,0.0,2026-08-12,,,,45.0,,
raw_sales,,1.0,1.0,0.0,2026-08-15,,,,46.0,,
raw_sales,,1.0,2.0,0.0,2026-08-29,,,,47.0,,
raw_sales,,1.0,3.0,0.0,2026-09-19,,,,48.0,,
raw_sales,,1.0,3.0,0.0,2026-09-08,,,,49.0,,
raw_sales,,1.0,3.0,0.0,2026-09-01,,,,50.0,,
raw_sales,,1.0,3.0,0.0,2026-09-03,,,,51.0,,
raw_sales,,1.0,3.0,0.0,2026-09-23,,,,52.0,,
raw_sales,,1.0,3.0,0.0,2026-09-21,,,,53.0,,
raw_sales,,1.0,2.0,0.0,2026-09-02,,,,54.0,,
raw_sales,,1.0,3.0,0.0,2026-09-08,,,,55.0,,
raw_sales,,2.0,1.0,89.99,2025-10-07,,,,56.0,,
raw_sales,,2.0,1.0,89.99,2025-11-04,,,,57.0,,
raw_sales,,2.0,1.0,89.99,2025-12-14,,,,58.0,,
raw_sales,,2.0,1.0,89.99,2025-12-14,,,,59.0,,
raw_sales,,2.0,1.0,89.99,2026-01-02,,,,60.0,,
raw_sales,,2.0,1.0,89.99,2026-01-13,,,,61.0,,
raw_sales,,2.0,1.0,89.99,2026-01-24,,,,62.0,,
raw_sales,,2.0,1.0,89.99,2026-01-11,,,,63.0,,
raw_sales,,2.0,2.0,179.98,2026-02-08,,,,64.0,,
raw_sales,,2.0,2.0,179.98,2026-03-18,,,,65.0,,
raw_sales,,2.0,2.0,179.98,2026-03-15,,,,66.0,,
raw_sales,,2.0,3.0,269.97,2026-04-06,,,,67.0,,
raw_sales,,2.0,2.0,179.98,2026-04-09,,,,68.0,,
raw_sales,,2.0,2.0,179.98,2026-05-26,,,,69.0,,
raw_sales,,2.0,1.0,89.99,2026-05-28,,,,70.0,,
raw_sales,,2.0,2.0,179.98,2026-05-28,,,,71.0,,
raw_sales,,2.0,2.0,179.98,2026-05-18,,,,72.0,,
raw_sales,,2.0,4.0,359.96,2026-06-21,,,,73.0,,
raw_sales,,2.0,5.0,449.95,2026-06-18,,,,74.0,,
raw_sales,,2.0,1.0,89.99,2026-07-16,,,,75.0,,
raw_sales,,2.0,1.0,89.99,2026-07-07,,,,76.0,,
raw_sales,,2.0,1.0,89.99,2026-07-28,,,,77.0,,
raw_sales,,2.0,1.0,89.99,2026-07-13,,,,78.0,,
raw_sales,,2.0,1.0,89.99,2026-07-29,,,,79.0,,
raw_sales,,2.0,1.0,89.99,2026-07-02,,,,80.0,,
raw_sales,,2.0,1.0,89.99,2026-07-06,,,,81.0,,
raw_sales,,2.0,1.0,89.99,2026-08-30,,,,82.0,,
raw_sales,,2.0,2.0,179.98,2026-08-26,,,,83.0,,
raw_sales,,2.0,2.0,179.98,2026-08-26,,,,84.0,,
raw_sales,,2.0,2.0,179.98,2026-08-15,,,,85.0,,
raw_sales,,2.0,3.0,269.97,2026-09-10,,,,86.0,,
raw_sales,,2.0,2.0,179.98,2026-09-07,,,,87.0,,
raw_sales,,2.0,3.0,269.97,2026-09-02,,,,88.0,,
raw_sales,,2.0,2.0,179.98,2026-09-19,,,,89.0,,
raw_sales,,2.0,2.0,179.98,2026-09-24,,,,90.0,,
raw_sales,,3.0,2.0,0.0,2025-10-19,,,,91.0,,
raw_sales,,3.0,2.0,0.0,2025-10-20,,,,92.0,,
raw_sales,,3.0,2.0,0.0,2025-10-02,,,,93.0,,
raw_sales,,3.0,2.0,0.0,2025-10-20,,,,94.0,,
raw_sales,,3.0,7.0,0.0,2025-11-22,,,,95.0,,
raw_sales,,3.0,6.0,0.0,2025-11-19,,,,96.0,,
raw_sales,,3.0,1.0,0.0,2025-12-13,,,,97.0,,
raw_sales,,3.0,1.0,0.0,2025-12-05,,,,98.0,,
raw_sales,,3.0,2.0,0.0,2025-12-22,,,,99.0,,
raw_sales,,3.0,1.0,0.0,2025-12-21,,,,100.0,,
raw_sales,,3.0,2.0,0.0,2025-12-10,,,,101.0,,
raw_sales,,3.0,2.0,0.0,2025-12-15,,,,102.0,,
raw_sales,,3.0,3.0,0.0,2026-01-03,,,,103.0,,
raw_sales,,3.0,2.0,0.0,2026-01-18,,,,104.0,,
raw_sales,,3.0,3.0,0.0,2026-01-07,,,,105.0,,
raw_sales,,3.0,2.0,0.0,2026-01-17,,,,106.0,,
raw_sales,,3.0,2.0,0.0,2026-01-09,,,,107.0,,
raw_sales,,3.0,3.0,0.0,2026-01-05,,,,108.0,,
raw_sales,,3.0,2.0,0.0,2026-02-15,,,,109.0,,
raw_sales,,3.0,2.0,0.0,2026-02-27,,,,110.0,,
raw_sales,,3.0,2.0,0.0,2026-02-18,,,,111.0,,
raw_sales,,3.0,3.0,0.0,2026-02-23,,,,112.0,,
raw_sales,,3.0,3.0,0.0,2026-02-10,,,,113.0,,
raw_sales,,3.0,3.0,0.0,2026-02-20,,,,114.0,,
raw_sales,,3.0,20.0,0.0,2026-03-22,,,,115.0,,
raw_sales,,3.0,3.0,0.0,2026-04-29,,,,116.0,,
raw_sales,,3.0,3.0,0.0,2026-04-04,,,,117.0,,
raw_sales,,3.0,3.0,0.0,2026-04-24,,,,118.0,,
raw_sales,,3.0,3.0,0.0,2026-04-18,,,,119.0,,
raw_sales,,3.0,4.0,0.0,2026-04-05,,,,120.0,,
raw_sales,,3.0,5.0,0.0,2026-05-07,,,,121.0,,
raw_sales,,3.0,5.0,0.0,2026-05-22,,,,122.0,,
raw_sales,,3.0,5.0,0.0,2026-05-21,,,,123.0,,
raw_sales,,3.0,5.0,0.0,2026-05-28,,,,124.0,,
raw_sales,,3.0,5.0,0.0,2026-05-09,,,,125.0,,
raw_sales,,3.0,3.0,0.0,2026-06-01,,,,126.0,,
raw_sales,,3.0,2.0,0.0,2026-06-11,,,,127.0,,
raw_sales,,3.0,3.0,0.0,2026-06-25,,,,128.0,,
raw_sales,,3.0,3.0,0.0,2026-06-05,,,,129.0,,
raw_sales,,3.0,2.0,0.0,2026-06-21,,,,130.0,,
raw_sales,,3.0,3.0,0.0,2026-06-09,,,,131.0,,
raw_sales,,3.0,2.0,0.0,2026-06-06,,,,132.0,,
raw_sales,,3.0,2.0,0.0,2026-06-24,,,,133.0,,
raw_sales,,3.0,3.0,0.0,2026-07-18,,,,134.0,,
raw_sales,,3.0,3.0,0.0,2026-07-02,,,,135.0,,
raw_sales,,3.0,3.0,0.0,2026-07-27,,,,136.0,,
raw_sales,,3.0,3.0,0.0,2026-07-12,,,,137.0,,
raw_sales,,3.0,3.0,0.0,2026-07-19,,,,138.0,,
raw_sales,,3.0,3.0,0.0,2026-07-18,,,,139.0,,
raw_sales,,3.0,3.0,0.0,2026-07-05,,,,140.0,,
raw_sales,,3.0,3.0,0.0,2026-07-14,,,,141.0,,
raw_sales,,3.0,12.0,0.0,2026-08-12,,,,142.0,,
raw_sales,,3.0,12.0,0.0,2026-08-29,,,,143.0,,
raw_sales,,3.0,13.0,0.0,2026-08-30,,,,144.0,,
raw_sales,,3.0,51.0,0.0,2026-09-29,,,,145.0,,
raw_sales,,4.0,4.0,799.96,2025-10-06,,,,146.0,,
raw_sales,,4.0,5.0,999.95,2025-10-24,,,,147.0,,
raw_sales,,4.0,5.0,999.95,2025-10-30,,,,148.0,,
raw_sales,,4.0,3.0,599.97,2025-11-13,,,,149.0,,
raw_sales,,4.0,3.0,599.97,2025-11-28,,,,150.0,,
raw_sales,,4.0,4.0,799.96,2025-11-02,,,,151.0,,
raw_sales,,4.0,4.0,799.96,2025-11-28,,,,152.0,,
raw_sales,,4.0,4.0,799.96,2025-11-16,,,,153.0,,
raw_sales,,4.0,4.0,799.96,2025-11-08,,,,154.0,,
raw_sales,,4.0,7.0,1399.93,2025-12-27,,,,155.0,,
raw_sales,,4.0,6.0,1199.94,2025-12-26,,,,156.0,,
raw_sales,,4.0,6.0,1199.94,2025-12-28,,,,157.0,,
raw_sales,,4.0,6.0,1199.94,2025-12-08,,,,158.0,,
raw_sales,,4.0,7.0,1399.93,2026-01-13,,,,159.0,,
raw_sales,,4.0,6.0,1199.94,2026-01-11,,,,160.0,,
raw_sales,,4.0,6.0,1199.94,2026-01-09,,,,161.0,,
raw_sales,,4.0,7.0,1399.93,2026-01-28,,,,162.0,,
raw_sales,,4.0,15.0,2999.85,2026-02-12,,,,163.0,,
raw_sales,,4.0,14.0,2799.86,2026-02-21,,,,164.0,,
raw_sales,,4.0,5.0,999.95,2026-03-06,,,,165.0,,
raw_sales,,4.0,5.0,999.95,2026-03-19,,,,166.0,,
raw_sales,,4.0,5.0,999.95,2026-03-31,,,,167.0,,
raw_sales,,4.0,5.0,999.95,2026-03-09,,,,168.0,,
raw_sales,,4.0,5.0,999.95,2026-03-02,,,,169.0,,
raw_sales,,4.0,5.0,999.95,2026-03-04,,,,170.0,,
raw_sales,,4.0,5.0,999.95,2026-03-20,,,,171.0,,
raw_sales,,4.0,6.0,1199.94,2026-04-13,,,,172.0,,
raw_sales,,4.0,6.0,1199.94,2026-04-29,,,,173.0,,
raw_sales,,4.0,6.0,1199.94,2026-04-19,,,,174.0,,
raw_sales,,4.0,6.0,1199.94,2026-04-07,,,,175.0,,
raw_sales,,4.0,5.0,999.95,2026-04-09,,,,176.0,,
raw_sales,,4.0,5.0,999.95,2026-04-02,,,,177.0,,
raw_sales,,4.0,6.0,1199.94,2026-04-23,,,,178.0,,
raw_sales,,4.0,6.0,1199.94,2026-05-03,,,,179.0,,
raw_sales,,4.0,6.0,1199.94,2026-05-31,,,,180.0,,
raw_sales,,4.0,6.0,1199.94,2026-05-22,,,,181.0,,
raw_sales,,4.0,6.0,1199.94,2026-05-30,,,,182.0,,
raw_sales,,4.0,6.0,1199.94,2026-05-11,,,,183.0,,
raw_sales,,4.0,6.0,1199.94,2026-05-20,,,,184.0,,
raw_sales,,4.0,6.0,1199.94,2026-05-11,,,,185.0,,
raw_sales,,4.0,24.0,4799.76,2026-06-17,,,,186.0,,
raw_sales,,4.0,24.0,4799.76,2026-06-10,,,,187.0,,
raw_sales,,4.0,7.0,1399.93,2026-07-22,,,,188.0,,
raw_sales,,4.0,6.0,1199.94,2026-07-31,,,,189.0,,
raw_sales,,4.0,7.0,1399.93,2026-07-13,,,,190.0,,
raw_sales,,4.0,7.0,1399.93,2026-07-22,,,,191.0,,
raw_sales,,4.0,6.0,1199.94,2026-07-24,,,,192.0,,
raw_sales,,4.0,7.0,1399.93,2026-07-29,,,,193.0,,
raw_sales,,4.0,7.0,1399.93,2026-07-06,,,,194.0,,
raw_sales,,4.0,13.0,2599.87,2026-08-07,,,,195.0,,
raw_sales,,4.0,13.0,2599.87,2026-08-14,,,,196.0,,
raw_sales,,4.0,13.0,2599.87,2026-08-26,,,,197.0,,
raw_sales,,4.0,14.0,2799.86,2026-08-19,,,,198.0,,
raw_sales,,4.0,13.0,2599.87,2026-08-20,,,,199.0,,
raw_sales,,4.0,16.0,3199.84,2026-09-17,,,,200.0,,
raw_sales,,4.0,16.0,3199.84,2026-09-16,,,,201.0,,
raw_sales,,4.0,16.0,3199.84,2026-09-26,,,,202.0,,
raw_sales,,4.0,16.0,3199.84,2026-09-29,,,,203.0,,
raw_sales,,4.0,16.0,3199.84,2026-09-26,,,,204.0,,
raw_sales,,4.0,16.0,3199.84,2026-09-24,,,,205.0,,
raw_sales,,5.0,2.0,12.98,2025-10-16,,,,206.0,,
raw_sales,,5.0,1.0,6.49,2025-10-13,,,,207.0,,
raw_sales,,5.0,1.0,6.49,2025-10-08,,,,208.0,,
raw_sales,,5.0,1.0,6.49,2025-10-05,,,,209.0,,
raw_sales,,5.0,1.0,6.49,2025-10-21,,,,210.0,,
raw_sales,,5.0,1.0,6.49,2025-10-23,,,,211.0,,
raw_sales,,5.0,1.0,6.49,2025-10-01,,,,212.0,,
raw_sales,,5.0,1.0,6.49,2025-10-29,,,,213.0,,
raw_sales,,5.0,6.0,38.94,2025-11-08,,,,214.0,,
raw_sales,,5.0,6.0,38.94,2025-11-06,,,,215.0,,
raw_sales,,5.0,3.0,19.47,2025-12-22,,,,216.0,,
raw_sales,,5.0,2.0,12.98,2025-12-17,,,,217.0,,
raw_sales,,5.0,2.0,12.98,2025-12-18,,,,218.0,,
raw_sales,,5.0,2.0,12.98,2025-12-20,,,,219.0,,
raw_sales,,5.0,2.0,12.98,2025-12-11,,,,220.0,,
raw_sales,,5.0,3.0,19.47,2025-12-31,,,,221.0,,
raw_sales,,5.0,2.0,12.98,2025-12-25,,,,222.0,,
raw_sales,,5.0,3.0,19.47,2025-12-29,,,,223.0,,
raw_sales,,5.0,3.0,19.47,2026-01-15,,,,224.0,,
raw_sales,,5.0,3.0,19.47,2026-01-09,,,,225.0,,
raw_sales,,5.0,3.0,19.47,2026-01-25,,,,226.0,,
raw_sales,,5.0,3.0,19.47,2026-01-08,,,,227.0,,
raw_sales,,5.0,3.0,19.47,2026-01-27,,,,228.0,,
raw_sales,,5.0,3.0,19.47,2026-01-21,,,,229.0,,
raw_sales,,5.0,2.0,12.98,2026-01-09,,,,230.0,,
raw_sales,,5.0,2.0,12.98,2026-01-25,,,,231.0,,
raw_sales,,5.0,2.0,12.98,2026-02-11,,,,232.0,,
raw_sales,,5.0,3.0,19.47,2026-02-11,,,,233.0,,
raw_sales,,5.0,3.0,19.47,2026-02-18,,,,234.0,,
raw_sales,,5.0,2.0,12.98,2026-02-03,,,,235.0,,
raw_sales,,5.0,3.0,19.47,2026-02-05,,,,236.0,,
raw_sales,,5.0,2.0,12.98,2026-02-05,,,,237.0,,
raw_sales,,5.0,3.0,19.47,2026-02-08,,,,238.0,,
raw_sales,,5.0,3.0,19.47,2026-02-13,,,,239.0,,
raw_sales,,5.0,9.0,58.41,2026-03-03,,,,240.0,,
raw_sales,,5.0,9.0,58.41,2026-03-14,,,,241.0,,
raw_sales,,5.0,9.0,58.41,2026-03-14,,,,242.0,,
raw_sales,,5.0,5.0,32.45,2026-04-27,,,,243.0,,
raw_sales,,5.0,5.0,32.45,2026-04-14,,,,244.0,,
raw_sales,,5.0,5.0,32.45,2026-04-13,,,,245.0,,
raw_sales,,5.0,5.0,32.45,2026-04-29,,,,246.0,,
raw_sales,,5.0,5.0,32.45,2026-04-25,,,,247.0,,
raw_sales,,5.0,5.0,32.45,2026-04-19,,,,248.0,,
raw_sales,,5.0,32.0,207.68,2026-05-28,,,,249.0,,
raw_sales,,5.0,4.0,25.96,2026-06-18,,,,250.0,,
raw_sales,,5.0,4.0,25.96,2026-06-24,,,,251.0,,
raw_sales,,5.0,5.0,32.45,2026-06-24,,,,252.0,,
raw_sales,,5.0,4.0,25.96,2026-06-18,,,,253.0,,
raw_sales,,5.0,5.0,32.45,2026-06-26,,,,254.0,,
raw_sales,,5.0,5.0,32.45,2026-06-20,,,,255.0,,
raw_sales,,5.0,5.0,32.45,2026-06-29,,,,256.0,,
raw_sales,,5.0,9.0,58.41,2026-07-14,,,,257.0,,
raw_sales,,5.0,9.0,58.41,2026-07-16,,,,258.0,,
raw_sales,,5.0,9.0,58.41,2026-07-01,,,,259.0,,
raw_sales,,5.0,9.0,58.41,2026-07-13,,,,260.0,,
raw_sales,,5.0,7.0,45.43,2026-08-20,,,,261.0,,
raw_sales,,5.0,7.0,45.43,2026-08-18,,,,262.0,,
raw_sales,,5.0,6.0,38.94,2026-08-01,,,,263.0,,
raw_sales,,5.0,7.0,45.43,2026-08-30,,,,264.0,,
raw_sales,,5.0,7.0,45.43,2026-08-13,,,,265.0,,
raw_sales,,5.0,6.0,38.94,2026-08-19,,,,266.0,,
raw_sales,,5.0,51.0,330.99,2026-09-03,,,,267.0,,
raw_sales,,6.0,7.0,69.93,2025-10-16,,,,268.0,,
raw_sales,,6.0,5.0,49.95,2025-11-24,,,,269.0,,
raw_sales,,6.0,8.0,79.92,2025-12-31,,,,270.0,,
raw_sales,,6.0,2.0,19.98,2026-01-25,,,,271.0,,
raw_sales,,6.0,2.0,19.98,2026-01-31,,,,272.0,,
raw_sales,,6.0,2.0,19.98,2026-01-21,,,,273.0,,
raw_sales,,6.0,9.0,89.91,2026-02-25,,,,274.0,,
raw_sales,,6.0,10.0,99.9,2026-03-31,,,,275.0,,
raw_sales,,6.0,3.0,29.97,2026-04-08,,,,276.0,,
raw_sales,,6.0,3.0,29.97,2026-04-05,,,,277.0,,
raw_sales,,6.0,3.0,29.97,2026-04-16,,,,278.0,,
raw_sales,,6.0,3.0,29.97,2026-04-22,,,,279.0,,
raw_sales,,6.0,8.0,79.92,2026-05-15,,,,280.0,,
raw_sales,,6.0,9.0,89.91,2026-05-23,,,,281.0,,
raw_sales,,6.0,3.0,29.97,2026-06-25,,,,282.0,,
raw_sales,,6.0,3.0,29.97,2026-06-27,,,,283.0,,
raw_sales,,6.0,3.0,29.97,2026-06-06,,,,284.0,,
raw_sales,,6.0,3.0,29.97,2026-06-10,,,,285.0,,
raw_sales,,6.0,3.0,29.97,2026-06-04,,,,286.0,,
raw_sales,,6.0,20.0,199.8,2026-07-30,,,,287.0,,
raw_sales,,6.0,5.0,49.95,2026-08-03,,,,288.0,,
raw_sales,,6.0,5.0,49.95,2026-08-19,,,,289.0,,
raw_sales,,6.0,5.0,49.95,2026-08-23,,,,290.0,,
raw_sales,,6.0,5.0,49.95,2026-08-27,,,,291.0,,
raw_sales,,6.0,4.0,39.96,2026-08-21,,,,292.0,,
raw_sales,,6.0,5.0,49.95,2026-09-28,,,,293.0,,
raw_sales,,6.0,6.0,59.94,2026-09-22,,,,294.0,,
raw_sales,,6.0,6.0,59.94,2026-09-20,,,,295.0,,
raw_sales,,6.0,6.0,59.94,2026-09-26,,,,296.0,,
raw_sales,,7.0,2.0,16.98,2025-10-15,,,,297.0,,
raw_sales,,7.0,1.0,8.49,2025-10-14,,,,298.0,,
raw_sales,,7.0,1.0,8.49,2025-10-27,,,,299.0,,
raw_sales,,7.0,1.0,8.49,2025-10-24,,,,300.0,,
raw_sales,,7.0,2.0,16.98,2025-10-19,,,,301.0,,
raw_sales,,7.0,2.0,16.98,2025-10-09,,,,302.0,,
raw_sales,,7.0,2.0,16.98,2025-10-11,,,,303.0,,
raw_sales,,7.0,2.0,16.98,2025-10-28,,,,304.0,,
raw_sales,,7.0,6.0,50.94,2025-11-08,,,,305.0,,
raw_sales,,7.0,7.0,59.43,2025-11-25,,,,306.0,,
raw_sales,,7.0,7.0,59.43,2025-11-15,,,,307.0,,
raw_sales,,7.0,7.0,59.43,2025-11-19,,,,308.0,,
raw_sales,,7.0,4.0,33.96,2025-12-07,,,,309.0,,
raw_sales,,7.0,4.0,33.96,2025-12-12,,,,310.0,,
raw_sales,,7.0,4.0,33.96,2025-12-26,,,,311.0,,
raw_sales,,7.0,4.0,33.96,2025-12-09,,,,312.0,,
raw_sales,,7.0,4.0,33.96,2025-12-11,,,,313.0,,
raw_sales,,7.0,5.0,42.45,2025-12-09,,,,314.0,,
raw_sales,,7.0,4.0,33.96,2025-12-29,,,,315.0,,
raw_sales,,7.0,6.0,50.94,2026-01-03,,,,316.0,,
raw_sales,,7.0,6.0,50.94,2026-01-08,,,,317.0,,
raw_sales,,7.0,6.0,50.94,2026-01-24,,,,318.0,,
raw_sales,,7.0,6.0,50.94,2026-01-14,,,,319.0,,
raw_sales,,7.0,5.0,42.45,2026-01-16,,,,320.0,,
raw_sales,,7.0,8.0,67.92,2026-02-15,,,,321.0,,
raw_sales,,7.0,8.0,67.92,2026-02-26,,,,322.0,,
raw_sales,,7.0,8.0,67.92,2026-02-01,,,,323.0,,
raw_sales,,7.0,7.0,59.43,2026-02-03,,,,324.0,,
raw_sales,,7.0,7.0,59.43,2026-03-10,,,,325.0,,
raw_sales,,7.0,7.0,59.43,2026-03-22,,,,326.0,,
raw_sales,,7.0,7.0,59.43,2026-03-19,,,,327.0,,
raw_sales,,7.0,7.0,59.43,2026-03-12,,,,328.0,,
raw_sales,,7.0,7.0,59.43,2026-03-16,,,,329.0,,
raw_sales,,7.0,7.0,59.43,2026-04-09,,,,330.0,,
raw_sales,,7.0,6.0,50.94,2026-04-10,,,,331.0,,
raw_sales,,7.0,7.0,59.43,2026-04-09,,,,332.0,,
raw_sales,,7.0,7.0,59.43,2026-04-08,,,,333.0,,
raw_sales,,7.0,6.0,50.94,2026-04-04,,,,334.0,,
raw_sales,,7.0,7.0,59.43,2026-04-24,,,,335.0,,
raw_sales,,7.0,11.0,93.39,2026-05-07,,,,336.0,,
raw_sales,,7.0,11.0,93.39,2026-05-07,,,,337.0,,
raw_sales,,7.0,11.0,93.39,2026-05-24,,,,338.0,,
raw_sales,,7.0,11.0,93.39,2026-05-16,,,,339.0,,
raw_sales,,7.0,11.0,93.39,2026-06-10,,,,340.0,,
raw_sales,,7.0,10.0,84.9,2026-06-08,,,,341.0,,
raw_sales,,7.0,11.0,93.39,2026-06-12,,,,342.0,,
raw_sales,,7.0,11.0,93.39,2026-06-06,,,,343.0,,
raw_sales,,7.0,10.0,84.9,2026-06-10,,,,344.0,,
raw_sales,,7.0,57.0,483.93,2026-07-23,,,,345.0,,
raw_sales,,7.0,20.0,169.8,2026-08-02,,,,346.0,,
raw_sales,,7.0,21.0,178.29,2026-08-18,,,,347.0,,
raw_sales,,7.0,20.0,169.8,2026-08-10,,,,348.0,,
raw_sales,,7.0,27.0,229.23,2026-09-04,,,,349.0,,
raw_sales,,7.0,27.0,229.23,2026-09-28,,,,350.0,,
raw_sales,,7.0,27.0,229.23,2026-09-01,,,,351.0,,
raw_sales,,8.0,3.0,1049.97,2025-10-03,,,,352.0,,
raw_sales,,8.0,3.0,1049.97,2025-10-08,,,,353.0,,
raw_sales,,8.0,2.0,699.98,2025-10-04,,,,354.0,,
raw_sales,,8.0,2.0,699.98,2025-11-15,,,,355.0,,
raw_sales,,8.0,1.0,349.99,2025-11-30,,,,356.0,,
raw_sales,,8.0,2.0,699.98,2025-11-15,,,,357.0,,
raw_sales,,8.0,2.0,699.98,2025-11-10,,,,358.0,,
raw_sales,,8.0,1.0,349.99,2025-11-28,,,,359.0,,
raw_sales,,8.0,1.0,349.99,2025-11-19,,,,360.0,,
raw_sales,,8.0,1.0,349.99,2025-11-14,,,,361.0,,
raw_sales,,8.0,3.0,1049.97,2025-12-31,,,,362.0,,
raw_sales,,8.0,2.0,699.98,2025-12-25,,,,363.0,,
raw_sales,,8.0,2.0,699.98,2025-12-07,,,,364.0,,
raw_sales,,8.0,3.0,1049.97,2025-12-21,,,,365.0,,
raw_sales,,8.0,2.0,699.98,2025-12-07,,,,366.0,,
raw_sales,,8.0,2.0,699.98,2026-01-18,,,,367.0,,
raw_sales,,8.0,2.0,699.98,2026-01-03,,,,368.0,,
raw_sales,,8.0,2.0,699.98,2026-01-06,,,,369.0,,
raw_sales,,8.0,3.0,1049.97,2026-01-01,,,,370.0,,
raw_sales,,8.0,3.0,1049.97,2026-01-14,,,,371.0,,
raw_sales,,8.0,1.0,349.99,2026-02-23,,,,372.0,,
raw_sales,,8.0,1.0,349.99,2026-02-28,,,,373.0,,
raw_sales,,8.0,1.0,349.99,2026-02-15,,,,374.0,,
raw_sales,,8.0,1.0,349.99,2026-02-03,,,,375.0,,
raw_sales,,8.0,2.0,699.98,2026-02-22,,,,376.0,,
raw_sales,,8.0,2.0,699.98,2026-02-08,,,,377.0,,
raw_sales,,8.0,2.0,699.98,2026-02-09,,,,378.0,,
raw_sales,,8.0,1.0,349.99,2026-02-26,,,,379.0,,
raw_sales,,8.0,5.0,1749.95,2026-03-21,,,,380.0,,
raw_sales,,8.0,5.0,1749.95,2026-03-05,,,,381.0,,
raw_sales,,8.0,5.0,1749.95,2026-03-30,,,,382.0,,
raw_sales,,8.0,5.0,1749.95,2026-03-09,,,,383.0,,
raw_sales,,8.0,6.0,2099.94,2026-04-06,,,,384.0,,
raw_sales,,8.0,6.0,2099.94,2026-04-26,,,,385.0,,
raw_sales,,8.0,7.0,2449.93,2026-04-10,,,,386.0,,
raw_sales,,8.0,4.0,1399.96,2026-05-23,,,,387.0,,
raw_sales,,8.0,5.0,1749.95,2026-05-13,,,,388.0,,
raw_sales,,8.0,5.0,1749.95,2026-05-31,,,,389.0,,
raw_sales,,8.0,5.0,1749.95,2026-05-09,,,,390.0,,
raw_sales,,8.0,5.0,1749.95,2026-05-17,,,,391.0,,
raw_sales,,8.0,3.0,1049.97,2026-06-20,,,,392.0,,
raw_sales,,8.0,3.0,1049.97,2026-06-09,,,,393.0,,
raw_sales,,8.0,3.0,1049.97,2026-06-01,,,,394.0,,
raw_sales,,8.0,3.0,1049.97,2026-06-03,,,,395.0,,
raw_sales,,8.0,3.0,1049.97,2026-06-08,,,,396.0,,
raw_sales,,8.0,3.0,1049.97,2026-06-22,,,,397.0,,
raw_sales,,8.0,3.0,1049.97,2026-06-27,,,,398.0,,
raw_sales,,8.0,2.0,699.98,2026-06-28,,,,399.0,,
raw_sales,,8.0,22.0,7699.78,2026-07-25,,,,400.0,,
raw_sales,,8.0,6.0,2099.94,2026-08-17,,,,401.0,,
raw_sales,,8.0,6.0,2099.94,2026-08-21,,,,402.0,,
raw_sales,,8.0,6.0,2099.94,2026-08-15,,,,403.0,,
raw_sales,,8.0,7.0,2449.93,2026-08-30,,,,404.0,,
raw_sales,,8.0,6.0,2099.94,2026-08-09,,,,405.0,,
raw_sales,,8.0,11.0,3849.89,2026-09-21,,,,406.0,,
raw_sales,,8.0,11.0,3849.89,2026-09-27,,,,407.0,,
raw_sales,,8.0,11.0,3849.89,2026-09-16,,,,408.0,,
raw_sales,,9.0,8.0,2239.92,2025-10-09,,,,409.0,,
raw_sales,,9.0,7.0,1959.93,2025-10-11,,,,410.0,,
raw_sales,,9.0,8.0,2239.92,2025-11-28,,,,411.0,,
raw_sales,,9.0,8.0,2239.92,2025-11-17,,,,412.0,,
raw_sales,,9.0,18.0,5039.82,2025-12-22,,,,413.0,,
raw_sales,,9.0,2.0,559.98,2026-01-21,,,,414.0,,
raw_sales,,9.0,2.0,559.98,2026-01-15,,,,415.0,,
raw_sales,,9.0,3.0,839.97,2026-01-25,,,,416.0,,
raw_sales,,9.0,3.0,839.97,2026-01-02,,,,417.0,,
raw_sales,,9.0,2.0,559.98,2026-01-07,,,,418.0,,
raw_sales,,9.0,3.0,839.97,2026-01-09,,,,419.0,,
raw_sales,,9.0,3.0,839.97,2026-01-18,,,,420.0,,
raw_sales,,9.0,2.0,559.98,2026-01-05,,,,421.0,,
raw_sales,,9.0,4.0,1119.96,2026-02-21,,,,422.0,,
raw_sales,,9.0,4.0,1119.96,2026-02-20,,,,423.0,,
raw_sales,,9.0,4.0,1119.96,2026-02-26,,,,424.0,,
raw_sales,,9.0,3.0,839.97,2026-02-08,,,,425.0,,
raw_sales,,9.0,4.0,1119.96,2026-02-23,,,,426.0,,
raw_sales,,9.0,7.0,1959.93,2026-03-18,,,,427.0,,
raw_sales,,9.0,8.0,2239.92,2026-03-14,,,,428.0,,
raw_sales,,9.0,8.0,2239.92,2026-03-03,,,,429.0,,
raw_sales,,9.0,7.0,1959.93,2026-04-21,,,,430.0,,
raw_sales,,9.0,7.0,1959.93,2026-04-27,,,,431.0,,
raw_sales,,9.0,7.0,1959.93,2026-04-05,,,,432.0,,
raw_sales,,9.0,7.0,1959.93,2026-04-16,,,,433.0,,
raw_sales,,9.0,7.0,1959.93,2026-05-16,,,,434.0,,
raw_sales,,9.0,6.0,1679.94,2026-05-08,,,,435.0,,
raw_sales,,9.0,7.0,1959.93,2026-05-15,,,,436.0,,
raw_sales,,9.0,6.0,1679.94,2026-05-18,,,,437.0,,
raw_sales,,9.0,6.0,1679.94,2026-05-05,,,,438.0,,
raw_sales,,9.0,5.0,1399.95,2026-06-25,,,,439.0,,
raw_sales,,9.0,5.0,1399.95,2026-06-26,,,,440.0,,
raw_sales,,9.0,6.0,1679.94,2026-06-28,,,,441.0,,
raw_sales,,9.0,5.0,1399.95,2026-06-14,,,,442.0,,
raw_sales,,9.0,5.0,1399.95,2026-06-11,,,,443.0,,
raw_sales,,9.0,5.0,1399.95,2026-06-30,,,,444.0,,
raw_sales,,9.0,5.0,1399.95,2026-06-26,,,,445.0,,
raw_sales,,9.0,7.0,1959.93,2026-07-27,,,,446.0,,
raw_sales,,9.0,8.0,2239.92,2026-07-19,,,,447.0,,
raw_sales,,9.0,7.0,1959.93,2026-07-19,,,,448.0,,
raw_sales,,9.0,8.0,2239.92,2026-07-22,,,,449.0,,
raw_sales,,9.0,8.0,2239.92,2026-07-16,,,,450.0,,
raw_sales,,9.0,16.0,4479.84,2026-08-12,,,,451.0,,
raw_sales,,9.0,15.0,4199.85,2026-08-11,,,,452.0,,
raw_sales,,9.0,16.0,4479.84,2026-08-18,,,,453.0,,
raw_sales,,9.0,9.0,2519.91,2026-09-08,,,,454.0,,
raw_sales,,9.0,8.0,2239.92,2026-09-28,,,,455.0,,
raw_sales,,9.0,8.0,2239.92,2026-09-25,,,,456.0,,
raw_sales,,9.0,8.0,2239.92,2026-09-14,,,,457.0,,
raw_sales,,9.0,9.0,2519.91,2026-09-02,,,,458.0,,
raw_sales,,9.0,9.0,2519.91,2026-09-11,,,,459.0,,
raw_sales,,9.0,8.0,2239.92,2026-09-24,,,,460.0,,
raw_sales,,10.0,2.0,89.98,2025-10-03,,,,461.0,,
raw_sales,,10.0,1.0,44.99,2025-10-16,,,,462.0,,
raw_sales,,10.0,1.0,44.99,2025-10-26,,,,463.0,,
raw_sales,,10.0,1.0,44.99,2025-10-09,,,,464.0,,
raw_sales,,10.0,2.0,89.98,2025-10-11,,,,465.0,,
raw_sales,,10.0,1.0,44.99,2025-10-20,,,,466.0,,
raw_sales,,10.0,1.0,44.99,2025-10-23,,,,467.0,,
raw_sales,,10.0,2.0,89.98,2025-10-13,,,,468.0,,
raw_sales,,10.0,10.0,449.9,2025-11-28,,,,469.0,,
raw_sales,,10.0,9.0,404.91,2025-11-22,,,,470.0,,
raw_sales,,10.0,3.0,134.97,2025-12-08,,,,471.0,,
raw_sales,,10.0,2.0,89.98,2025-12-21,,,,472.0,,
raw_sales,,10.0,2.0,89.98,2025-12-22,,,,473.0,,
raw_sales,,10.0,3.0,134.97,2025-12-30,,,,474.0,,
raw_sales,,10.0,3.0,134.97,2025-12-10,,,,475.0,,
raw_sales,,10.0,2.0,89.98,2025-12-08,,,,476.0,,
raw_sales,,10.0,3.0,134.97,2025-12-24,,,,477.0,,
raw_sales,,10.0,13.0,584.87,2026-01-04,,,,478.0,,
raw_sales,,10.0,12.0,539.88,2026-01-25,,,,479.0,,
raw_sales,,10.0,12.0,539.88,2026-02-06,,,,480.0,,
raw_sales,,10.0,12.0,539.88,2026-02-23,,,,481.0,,
raw_sales,,10.0,5.0,224.95,2026-03-10,,,,482.0,,
raw_sales,,10.0,5.0,224.95,2026-03-12,,,,483.0,,
raw_sales,,10.0,5.0,224.95,2026-03-12,,,,484.0,,
raw_sales,,10.0,5.0,224.95,2026-03-14,,,,485.0,,
raw_sales,,10.0,6.0,269.94,2026-03-05,,,,486.0,,
raw_sales,,10.0,6.0,269.94,2026-04-06,,,,487.0,,
raw_sales,,10.0,7.0,314.93,2026-04-06,,,,488.0,,
raw_sales,,10.0,6.0,269.94,2026-04-03,,,,489.0,,
raw_sales,,10.0,6.0,269.94,2026-04-20,,,,490.0,,
raw_sales,,10.0,5.0,224.95,2026-05-08,,,,491.0,,
raw_sales,,10.0,5.0,224.95,2026-05-15,,,,492.0,,
raw_sales,,10.0,5.0,224.95,2026-05-21,,,,493.0,,
raw_sales,,10.0,5.0,224.95,2026-05-09,,,,494.0,,
raw_sales,,10.0,5.0,224.95,2026-05-15,,,,495.0,,
raw_sales,,10.0,5.0,224.95,2026-05-09,,,,496.0,,
raw_sales,,10.0,5.0,224.95,2026-05-22,,,,497.0,,
raw_sales,,10.0,32.0,1439.68,2026-06-29,,,,498.0,,
raw_sales,,10.0,5.0,224.95,2026-07-19,,,,499.0,,
raw_sales,,10.0,5.0,224.95,2026-07-10,,,,500.0,,
raw_sales,,10.0,5.0,224.95,2026-07-21,,,,501.0,,
raw_sales,,10.0,6.0,269.94,2026-07-31,,,,502.0,,
raw_sales,,10.0,6.0,269.94,2026-07-14,,,,503.0,,
raw_sales,,10.0,5.0,224.95,2026-07-23,,,,504.0,,
raw_sales,,10.0,5.0,224.95,2026-07-09,,,,505.0,,
raw_sales,,10.0,5.0,224.95,2026-07-15,,,,506.0,,
raw_sales,,10.0,9.0,404.91,2026-08-08,,,,507.0,,
raw_sales,,10.0,9.0,404.91,2026-08-13,,,,508.0,,
raw_sales,,10.0,8.0,359.92,2026-08-19,,,,509.0,,
raw_sales,,10.0,8.0,359.92,2026-08-12,,,,510.0,,
raw_sales,,10.0,9.0,404.91,2026-08-19,,,,511.0,,
raw_sales,,10.0,12.0,539.88,2026-09-09,,,,512.0,,
raw_sales,,10.0,12.0,539.88,2026-09-01,,,,513.0,,
raw_sales,,10.0,11.0,494.89,2026-09-19,,,,514.0,,
raw_sales,,10.0,12.0,539.88,2026-09-28,,,,515.0,,
raw_sales,,10.0,12.0,539.88,2026-09-22,,,,516.0,,
raw_sales,,11.0,10.0,549.9,2025-10-29,,,,517.0,,
raw_sales,,11.0,10.0,549.9,2025-10-21,,,,518.0,,
raw_sales,,11.0,9.0,494.91,2025-10-21,,,,519.0,,
raw_sales,,11.0,41.0,2254.59,2025-11-10,,,,520.0,,
raw_sales,,11.0,6.0,329.94,2025-12-24,,,,521.0,,
raw_sales,,11.0,6.0,329.94,2025-12-14,,,,522.0,,
raw_sales,,11.0,6.0,329.94,2025-12-06,,,,523.0,,
raw_sales,,11.0,5.0,274.95,2025-12-07,,,,524.0,,
raw_sales,,11.0,6.0,329.94,2025-12-05,,,,525.0,,
raw_sales,,11.0,6.0,329.94,2025-12-26,,,,526.0,,
raw_sales,,11.0,6.0,329.94,2025-12-18,,,,527.0,,
raw_sales,,11.0,6.0,329.94,2025-12-29,,,,528.0,,
raw_sales,,11.0,9.0,494.91,2026-01-30,,,,529.0,,
raw_sales,,11.0,9.0,494.91,2026-01-27,,,,530.0,,
raw_sales,,11.0,9.0,494.91,2026-01-31,,,,531.0,,
raw_sales,,11.0,9.0,494.91,2026-01-16,,,,532.0,,
raw_sales,,11.0,8.0,439.92,2026-01-31,,,,533.0,,
raw_sales,,11.0,8.0,439.92,2026-01-26,,,,534.0,,
raw_sales,,11.0,10.0,549.9,2026-02-05,,,,535.0,,
raw_sales,,11.0,11.0,604.89,2026-02-25,,,,536.0,,
raw_sales,,11.0,11.0,604.89,2026-02-08,,,,537.0,,
raw_sales,,11.0,11.0,604.89,2026-02-28,,,,538.0,,
raw_sales,,11.0,11.0,604.89,2026-02-22,,,,539.0,,
raw_sales,,11.0,9.0,494.91,2026-03-09,,,,540.0,,
raw_sales,,11.0,9.0,494.91,2026-03-18,,,,541.0,,
raw_sales,,11.0,9.0,494.91,2026-03-04,,,,542.0,,
raw_sales,,11.0,9.0,494.91,2026-03-15,,,,543.0,,
raw_sales,,11.0,9.0,494.91,2026-03-12,,,,544.0,,
raw_sales,,11.0,9.0,494.91,2026-03-22,,,,545.0,,
raw_sales,,11.0,8.0,439.92,2026-03-24,,,,546.0,,
raw_sales,,11.0,14.0,769.86,2026-04-04,,,,547.0,,
raw_sales,,11.0,14.0,769.86,2026-04-22,,,,548.0,,
raw_sales,,11.0,14.0,769.86,2026-04-08,,,,549.0,,
raw_sales,,11.0,13.0,714.87,2026-04-16,,,,550.0,,
raw_sales,,11.0,13.0,714.87,2026-04-01,,,,551.0,,
raw_sales,,11.0,12.0,659.88,2026-05-30,,,,552.0,,
raw_sales,,11.0,11.0,604.89,2026-05-23,,,,553.0,,
raw_sales,,11.0,12.0,659.88,2026-05-10,,,,554.0,,
raw_sales,,11.0,12.0,659.88,2026-05-21,,,,555.0,,
raw_sales,,11.0,12.0,659.88,2026-05-14,,,,556.0,,
raw_sales,,11.0,12.0,659.88,2026-05-04,,,,557.0,,
raw_sales,,11.0,28.0,1539.72,2026-06-10,,,,558.0,,
raw_sales,,11.0,28.0,1539.72,2026-06-16,,,,559.0,,
raw_sales,,11.0,28.0,1539.72,2026-06-04,,,,560.0,,
raw_sales,,11.0,43.0,2364.57,2026-07-29,,,,561.0,,
raw_sales,,11.0,44.0,2419.56,2026-07-18,,,,562.0,,
raw_sales,,11.0,34.0,1869.66,2026-08-12,,,,563.0,,
raw_sales,,11.0,34.0,1869.66,2026-08-22,,,,564.0,,
raw_sales,,11.0,34.0,1869.66,2026-08-31,,,,565.0,,
raw_sales,,11.0,19.0,1044.81,2026-09-27,,,,566.0,,
raw_sales,,11.0,20.0,1099.8,2026-09-16,,,,567.0,,
raw_sales,,11.0,20.0,1099.8,2026-09-20,,,,568.0,,
raw_sales,,11.0,20.0,1099.8,2026-09-14,,,,569.0,,
raw_sales,,11.0,20.0,1099.8,2026-09-09,,,,570.0,,
raw_sales,,11.0,19.0,1044.81,2026-09-02,,,,571.0,,
raw_sales,,11.0,19.0,1044.81,2026-09-23,,,,572.0,,
raw_sales,,12.0,1.0,79.99,2025-10-08,,,,573.0,,
raw_sales,,12.0,1.0,79.99,2025-10-05,,,,574.0,,
raw_sales,,12.0,1.0,79.99,2025-10-26,,,,575.0,,
raw_sales,,12.0,2.0,159.98,2025-10-19,,,,576.0,,
raw_sales,,12.0,1.0,79.99,2025-10-07,,,,577.0,,
raw_sales,,12.0,1.0,79.99,2025-10-03,,,,578.0,,
raw_sales,,12.0,1.0,79.99,2025-10-27,,,,579.0,,
raw_sales,,12.0,2.0,159.98,2025-10-25,,,,580.0,,
raw_sales,,12.0,3.0,239.97,2025-11-25,,,,581.0,,
raw_sales,,12.0,3.0,239.97,2025-11-05,,,,582.0,,
raw_sales,,12.0,4.0,319.96,2025-11-26,,,,583.0,,
raw_sales,,12.0,4.0,319.96,2025-11-29,,,,584.0,,
raw_sales,,12.0,21.0,1679.79,2025-12-09,,,,585.0,,
raw_sales,,12.0,7.0,559.93,2026-01-26,,,,586.0,,
raw_sales,,12.0,8.0,639.92,2026-01-06,,,,587.0,,
raw_sales,,12.0,8.0,639.92,2026-01-04,,,,588.0,,
raw_sales,,12.0,17.0,1359.83,2026-02-05,,,,589.0,,
raw_sales,,12.0,25.0,1999.75,2026-03-12,,,,590.0,,
raw_sales,,12.0,7.0,559.93,2026-04-09,,,,591.0,,
raw_sales,,12.0,6.0,479.94,2026-04-02,,,,592.0,,
raw_sales,,12.0,7.0,559.93,2026-04-05,,,,593.0,,
raw_sales,,12.0,7.0,559.93,2026-04-24,,,,594.0,,
raw_sales,,12.0,4.0,319.96,2026-05-17,,,,595.0,,
raw_sales,,12.0,5.0,399.95,2026-05-19,,,,596.0,,
raw_sales,,12.0,5.0,399.95,2026-05-04,,,,597.0,,
raw_sales,,12.0,5.0,399.95,2026-05-15,,,,598.0,,
raw_sales,,12.0,4.0,319.96,2026-05-17,,,,599.0,,
raw_sales,,12.0,5.0,399.95,2026-05-08,,,,600.0,,
raw_sales,,12.0,5.0,399.95,2026-05-31,,,,601.0,,
raw_sales,,12.0,31.0,2479.69,2026-06-24,,,,602.0,,
raw_sales,,12.0,7.0,559.93,2026-07-28,,,,603.0,,
raw_sales,,12.0,7.0,559.93,2026-07-13,,,,604.0,,
raw_sales,,12.0,7.0,559.93,2026-07-14,,,,605.0,,
raw_sales,,12.0,7.0,559.93,2026-07-22,,,,606.0,,
raw_sales,,12.0,7.0,559.93,2026-07-04,,,,607.0,,
raw_sales,,12.0,5.0,399.95,2026-08-09,,,,608.0,,
raw_sales,,12.0,5.0,399.95,2026-08-20,,,,609.0,,
raw_sales,,12.0,5.0,399.95,2026-08-21,,,,610.0,,
raw_sales,,12.0,5.0,399.95,2026-08-19,,,,611.0,,
raw_sales,,12.0,5.0,399.95,2026-08-18,,,,612.0,,
raw_sales,,12.0,5.0,399.95,2026-08-23,,,,613.0,,
raw_sales,,12.0,5.0,399.95,2026-08-11,,,,614.0,,
raw_sales,,12.0,4.0,319.96,2026-08-13,,,,615.0,,
raw_sales,,12.0,11.0,879.89,2026-09-28,,,,616.0,,
raw_sales,,12.0,10.0,799.9,2026-09-21,,,,617.0,,
raw_sales,,12.0,11.0,879.89,2026-09-21,,,,618.0,,
raw_sales,,12.0,10.0,799.9,2026-09-29,,,,619.0,,
raw_sales,,12.0,10.0,799.9,2026-09-25,,,,620.0,,
raw_sales,,13.0,1.0,64.99,2025-10-03,,,,621.0,,
raw_sales,,13.0,1.0,64.99,2025-10-27,,,,622.0,,
raw_sales,,13.0,1.0,64.99,2025-10-03,,,,623.0,,
raw_sales,,13.0,7.0,454.93,2025-11-14,,,,624.0,,
raw_sales,,13.0,4.0,259.96,2025-12-24,,,,625.0,,
raw_sales,,13.0,1.0,64.99,2026-01-22,,,,626.0,,
raw_sales,,13.0,1.0,64.99,2026-01-04,,,,627.0,,
raw_sales,,13.0,1.0,64.99,2026-01-14,,,,628.0,,
raw_sales,,13.0,2.0,129.98,2026-01-12,,,,629.0,,
raw_sales,,13.0,1.0,64.99,2026-01-28,,,,630.0,,
raw_sales,,13.0,2.0,129.98,2026-01-22,,,,631.0,,
raw_sales,,13.0,1.0,64.99,2026-02-12,,,,632.0,,
raw_sales,,13.0,1.0,64.99,2026-02-04,,,,633.0,,
raw_sales,,13.0,1.0,64.99,2026-02-19,,,,634.0,,
raw_sales,,13.0,2.0,129.98,2026-02-17,,,,635.0,,
raw_sales,,13.0,3.0,194.97,2026-03-08,,,,636.0,,
raw_sales,,13.0,2.0,129.98,2026-03-28,,,,637.0,,
raw_sales,,13.0,2.0,129.98,2026-03-04,,,,638.0,,
raw_sales,,13.0,2.0,129.98,2026-03-12,,,,639.0,,
raw_sales,,13.0,1.0,64.99,2026-04-26,,,,640.0,,
raw_sales,,13.0,1.0,64.99,2026-04-14,,,,641.0,,
raw_sales,,13.0,1.0,64.99,2026-04-28,,,,642.0,,
raw_sales,,13.0,2.0,129.98,2026-04-18,,,,643.0,,
raw_sales,,13.0,1.0,64.99,2026-04-25,,,,644.0,,
raw_sales,,13.0,10.0,649.9,2026-05-20,,,,645.0,,
raw_sales,,13.0,1.0,64.99,2026-06-23,,,,646.0,,
raw_sales,,13.0,1.0,64.99,2026-06-25,,,,647.0,,
raw_sales,,13.0,1.0,64.99,2026-06-10,,,,648.0,,
raw_sales,,13.0,2.0,129.98,2026-06-30,,,,649.0,,
raw_sales,,13.0,1.0,64.99,2026-06-11,,,,650.0,,
raw_sales,,13.0,1.0,64.99,2026-06-12,,,,651.0,,
raw_sales,,13.0,8.0,519.92,2026-07-06,,,,652.0,,
raw_sales,,13.0,3.0,194.97,2026-08-03,,,,653.0,,
raw_sales,,13.0,3.0,194.97,2026-08-05,,,,654.0,,
raw_sales,,13.0,3.0,194.97,2026-08-24,,,,655.0,,
raw_sales,,13.0,19.0,1234.81,2026-09-03,,,,656.0,,
raw_sales,,14.0,4.0,91.96,2025-10-15,,,,657.0,,
raw_sales,,14.0,4.0,91.96,2025-10-22,,,,658.0,,
raw_sales,,14.0,2.0,45.98,2025-11-14,,,,659.0,,
raw_sales,,14.0,2.0,45.98,2025-11-09,,,,660.0,,
raw_sales,,14.0,1.0,22.99,2025-11-07,,,,661.0,,
raw_sales,,14.0,1.0,22.99,2025-11-25,,,,662.0,,
raw_sales,,14.0,1.0,22.99,2025-12-10,,,,663.0,,
raw_sales,,14.0,1.0,22.99,2025-12-22,,,,664.0,,
raw_sales,,14.0,2.0,45.98,2025-12-22,,,,665.0,,
raw_sales,,14.0,1.0,22.99,2025-12-19,,,,666.0,,
raw_sales,,14.0,2.0,45.98,2025-12-16,,,,667.0,,
raw_sales,,14.0,2.0,45.98,2026-01-01,,,,668.0,,
raw_sales,,14.0,1.0,22.99,2026-01-07,,,,669.0,,
raw_sales,,14.0,1.0,22.99,2026-01-10,,,,670.0,,
raw_sales,,14.0,2.0,45.98,2026-01-31,,,,671.0,,
raw_sales,,14.0,2.0,45.98,2026-01-07,,,,672.0,,
raw_sales,,14.0,3.0,68.97,2026-02-11,,,,673.0,,
raw_sales,,14.0,3.0,68.97,2026-02-04,,,,674.0,,
raw_sales,,14.0,3.0,68.97,2026-02-01,,,,675.0,,
raw_sales,,14.0,2.0,45.98,2026-03-03,,,,676.0,,
raw_sales,,14.0,2.0,45.98,2026-03-13,,,,677.0,,
raw_sales,,14.0,2.0,45.98,2026-03-28,,,,678.0,,
raw_sales,,14.0,1.0,22.99,2026-03-24,,,,679.0,,
raw_sales,,14.0,2.0,45.98,2026-03-02,,,,680.0,,
raw_sales,,14.0,1.0,22.99,2026-03-14,,,,681.0,,
raw_sales,,14.0,2.0,45.98,2026-03-01,,,,682.0,,
raw_sales,,14.0,1.0,22.99,2026-03-15,,,,683.0,,
raw_sales,,14.0,8.0,183.92,2026-04-19,,,,684.0,,
raw_sales,,14.0,7.0,160.93,2026-04-14,,,,685.0,,
raw_sales,,14.0,2.0,45.98,2026-05-01,,,,686.0,,
raw_sales,,14.0,2.0,45.98,2026-05-31,,,,687.0,,
raw_sales,,14.0,2.0,45.98,2026-05-11,,,,688.0,,
raw_sales,,14.0,2.0,45.98,2026-05-06,,,,689.0,,
raw_sales,,14.0,2.0,45.98,2026-05-26,,,,690.0,,
raw_sales,,14.0,2.0,45.98,2026-05-31,,,,691.0,,
raw_sales,,14.0,2.0,45.98,2026-05-20,,,,692.0,,
raw_sales,,14.0,1.0,22.99,2026-06-17,,,,693.0,,
raw_sales,,14.0,2.0,45.98,2026-06-03,,,,694.0,,
raw_sales,,14.0,1.0,22.99,2026-06-13,,,,695.0,,
raw_sales,,14.0,2.0,45.98,2026-06-28,,,,696.0,,
raw_sales,,14.0,1.0,22.99,2026-06-10,,,,697.0,,
raw_sales,,14.0,2.0,45.98,2026-06-24,,,,698.0,,
raw_sales,,14.0,2.0,45.98,2026-06-11,,,,699.0,,
raw_sales,,14.0,1.0,22.99,2026-06-08,,,,700.0,,
raw_sales,,14.0,2.0,45.98,2026-07-29,,,,701.0,,
raw_sales,,14.0,2.0,45.98,2026-07-25,,,,702.0,,
raw_sales,,14.0,2.0,45.98,2026-07-12,,,,703.0,,
raw_sales,,14.0,2.0,45.98,2026-07-12,,,,704.0,,
raw_sales,,14.0,3.0,68.97,2026-07-24,,,,705.0,,
raw_sales,,14.0,2.0,45.98,2026-07-31,,,,706.0,,
raw_sales,,14.0,6.0,137.94,2026-08-05,,,,707.0,,
raw_sales,,14.0,5.0,114.95,2026-08-09,,,,708.0,,
raw_sales,,14.0,6.0,137.94,2026-08-07,,,,709.0,,
raw_sales,,14.0,8.0,183.92,2026-09-25,,,,710.0,,
raw_sales,,14.0,9.0,206.91,2026-09-25,,,,711.0,,
raw_sales,,14.0,8.0,183.92,2026-09-21,,,,712.0,,
raw_sales,,15.0,1.0,59.99,2025-10-15,,,,713.0,,
raw_sales,,15.0,1.0,59.99,2025-10-03,,,,714.0,,
raw_sales,,15.0,1.0,59.99,2025-11-10,,,,715.0,,
raw_sales,,15.0,1.0,59.99,2025-11-15,,,,716.0,,
raw_sales,,15.0,2.0,119.98,2025-11-15,,,,717.0,,
raw_sales,,15.0,2.0,119.98,2025-11-02,,,,718.0,,
raw_sales,,15.0,1.0,59.99,2025-11-02,,,,719.0,,
raw_sales,,15.0,2.0,119.98,2025-11-12,,,,720.0,,
raw_sales,,15.0,1.0,59.99,2025-11-27,,,,721.0,,
raw_sales,,15.0,1.0,59.99,2025-11-10,,,,722.0,,
raw_sales,,15.0,4.0,239.96,2025-12-20,,,,723.0,,
raw_sales,,15.0,4.0,239.96,2025-12-20,,,,724.0,,
raw_sales,,15.0,1.0,59.99,2026-01-11,,,,725.0,,
raw_sales,,15.0,1.0,59.99,2026-01-20,,,,726.0,,
raw_sales,,15.0,1.0,59.99,2026-01-16,,,,727.0,,
raw_sales,,15.0,2.0,119.98,2026-01-17,,,,728.0,,
raw_sales,,15.0,1.0,59.99,2026-01-05,,,,729.0,,
raw_sales,,15.0,1.0,59.99,2026-01-31,,,,730.0,,
raw_sales,,15.0,1.0,59.99,2026-01-02,,,,731.0,,
raw_sales,,15.0,1.0,59.99,2026-02-23,,,,732.0,,
raw_sales,,15.0,1.0,59.99,2026-02-15,,,,733.0,,
raw_sales,,15.0,1.0,59.99,2026-02-15,,,,734.0,,
raw_sales,,15.0,1.0,59.99,2026-02-17,,,,735.0,,
raw_sales,,15.0,2.0,119.98,2026-02-17,,,,736.0,,
raw_sales,,15.0,1.0,59.99,2026-02-20,,,,737.0,,
raw_sales,,15.0,1.0,59.99,2026-02-06,,,,738.0,,
raw_sales,,15.0,1.0,59.99,2026-02-12,,,,739.0,,
raw_sales,,15.0,1.0,59.99,2026-03-26,,,,740.0,,
raw_sales,,15.0,2.0,119.98,2026-03-21,,,,741.0,,
raw_sales,,15.0,2.0,119.98,2026-03-21,,,,742.0,,
raw_sales,,15.0,1.0,59.99,2026-03-11,,,,743.0,,
raw_sales,,15.0,2.0,119.98,2026-03-03,,,,744.0,,
raw_sales,,15.0,2.0,119.98,2026-03-11,,,,745.0,,
raw_sales,,15.0,7.0,419.93,2026-04-10,,,,746.0,,
raw_sales,,15.0,6.0,359.94,2026-04-09,,,,747.0,,
raw_sales,,15.0,5.0,299.95,2026-05-19,,,,748.0,,
raw_sales,,15.0,5.0,299.95,2026-05-22,,,,749.0,,
raw_sales,,15.0,5.0,299.95,2026-05-05,,,,750.0,,
raw_sales,,15.0,2.0,119.98,2026-06-10,,,,751.0,,
raw_sales,,15.0,3.0,179.97,2026-06-18,,,,752.0,,
raw_sales,,15.0,2.0,119.98,2026-06-13,,,,753.0,,
raw_sales,,15.0,3.0,179.97,2026-06-21,,,,754.0,,
raw_sales,,15.0,2.0,119.98,2026-06-26,,,,755.0,,
raw_sales,,15.0,3.0,179.97,2026-06-11,,,,756.0,,
raw_sales,,15.0,6.0,359.94,2026-07-21,,,,757.0,,
raw_sales,,15.0,7.0,419.93,2026-07-22,,,,758.0,,
raw_sales,,15.0,6.0,359.94,2026-07-14,,,,759.0,,
raw_sales,,15.0,3.0,179.97,2026-08-11,,,,760.0,,
raw_sales,,15.0,3.0,179.97,2026-08-31,,,,761.0,,
raw_sales,,15.0,2.0,119.98,2026-08-25,,,,762.0,,
raw_sales,,15.0,2.0,119.98,2026-08-16,,,,763.0,,
raw_sales,,15.0,3.0,179.97,2026-08-07,,,,764.0,,
raw_sales,,15.0,3.0,179.97,2026-08-08,,,,765.0,,
raw_sales,,15.0,8.0,479.92,2026-09-10,,,,766.0,,
raw_sales,,15.0,8.0,479.92,2026-09-28,,,,767.0,,
raw_sales,,15.0,9.0,539.91,2026-09-26,,,,768.0,,
raw_sales,,16.0,1.0,39.99,2025-10-24,,,,769.0,,
raw_sales,,16.0,1.0,39.99,2025-11-22,,,,770.0,,
raw_sales,,16.0,2.0,79.98,2025-11-24,,,,771.0,,
raw_sales,,16.0,2.0,79.98,2025-11-08,,,,772.0,,
raw_sales,,16.0,2.0,79.98,2025-11-15,,,,773.0,,
raw_sales,,16.0,2.0,79.98,2025-12-10,,,,774.0,,
raw_sales,,16.0,1.0,39.99,2025-12-31,,,,775.0,,
raw_sales,,16.0,2.0,79.98,2025-12-26,,,,776.0,,
raw_sales,,16.0,1.0,39.99,2025-12-26,,,,777.0,,
raw_sales,,16.0,1.0,39.99,2025-12-16,,,,778.0,,
raw_sales,,16.0,2.0,79.98,2026-01-15,,,,779.0,,
raw_sales,,16.0,2.0,79.98,2026-01-25,,,,780.0,,
raw_sales,,16.0,2.0,79.98,2026-01-10,,,,781.0,,
raw_sales,,16.0,2.0,79.98,2026-01-25,,,,782.0,,
raw_sales,,16.0,1.0,39.99,2026-02-06,,,,783.0,,
raw_sales,,16.0,1.0,39.99,2026-02-27,,,,784.0,,
raw_sales,,16.0,2.0,79.98,2026-03-28,,,,785.0,,
raw_sales,,16.0,3.0,119.97,2026-03-09,,,,786.0,,
raw_sales,,16.0,9.0,359.91,2026-04-21,,,,787.0,,
raw_sales,,16.0,1.0,39.99,2026-05-23,,,,788.0,,
raw_sales,,16.0,2.0,79.98,2026-05-28,,,,789.0,,
raw_sales,,16.0,1.0,39.99,2026-05-17,,,,790.0,,
raw_sales,,16.0,1.0,39.99,2026-05-28,,,,791.0,,
raw_sales,,16.0,7.0,279.93,2026-06-10,,,,792.0,,
raw_sales,,16.0,7.0,279.93,2026-07-25,,,,793.0,,
raw_sales,,16.0,5.0,199.95,2026-08-29,,,,794.0,,
raw_sales,,16.0,4.0,159.96,2026-08-17,,,,795.0,,
raw_sales,,16.0,5.0,199.95,2026-08-05,,,,796.0,,
raw_sales,,16.0,2.0,79.98,2026-09-02,,,,797.0,,
raw_sales,,16.0,2.0,79.98,2026-09-13,,,,798.0,,
raw_sales,,16.0,2.0,79.98,2026-09-17,,,,799.0,,
raw_sales,,16.0,2.0,79.98,2026-09-12,,,,800.0,,
raw_sales,,16.0,2.0,79.98,2026-09-08,,,,801.0,,
raw_sales,,16.0,2.0,79.98,2026-09-13,,,,802.0,,
raw_sales,,16.0,3.0,119.97,2026-09-03,,,,803.0,,
raw_sales,,17.0,1.0,149.99,2025-10-09,,,,804.0,,
raw_sales,,17.0,1.0,149.99,2025-10-07,,,,805.0,,
raw_sales,,17.0,1.0,149.99,2025-10-27,,,,806.0,,
raw_sales,,17.0,1.0,149.99,2025-10-05,,,,807.0,,
raw_sales,,17.0,1.0,149.99,2025-11-04,,,,808.0,,
raw_sales,,17.0,1.0,149.99,2025-11-25,,,,809.0,,
raw_sales,,17.0,1.0,149.99,2025-11-10,,,,810.0,,
raw_sales,,17.0,3.0,449.97,2025-12-08,,,,811.0,,
raw_sales,,17.0,3.0,449.97,2025-12-14,,,,812.0,,
raw_sales,,17.0,3.0,449.97,2025-12-21,,,,813.0,,
raw_sales,,17.0,3.0,449.97,2025-12-26,,,,814.0,,
raw_sales,,17.0,1.0,149.99,2026-01-23,,,,815.0,,
raw_sales,,17.0,1.0,149.99,2026-01-05,,,,816.0,,
raw_sales,,17.0,2.0,299.98,2026-01-10,,,,817.0,,
raw_sales,,17.0,1.0,149.99,2026-01-14,,,,818.0,,
raw_sales,,17.0,1.0,149.99,2026-01-01,,,,819.0,,
raw_sales,,17.0,2.0,299.98,2026-01-20,,,,820.0,,
raw_sales,,17.0,2.0,299.98,2026-01-12,,,,821.0,,
raw_sales,,17.0,2.0,299.98,2026-01-08,,,,822.0,,
raw_sales,,17.0,1.0,149.99,2026-02-13,,,,823.0,,
raw_sales,,17.0,2.0,299.98,2026-02-28,,,,824.0,,
raw_sales,,17.0,2.0,299.98,2026-02-16,,,,825.0,,
raw_sales,,17.0,2.0,299.98,2026-02-02,,,,826.0,,
raw_sales,,17.0,2.0,299.98,2026-02-21,,,,827.0,,
raw_sales,,17.0,2.0,299.98,2026-02-13,,,,828.0,,
raw_sales,,17.0,2.0,299.98,2026-02-12,,,,829.0,,
raw_sales,,17.0,3.0,449.97,2026-03-08,,,,830.0,,
raw_sales,,17.0,4.0,599.96,2026-03-24,,,,831.0,,
raw_sales,,17.0,3.0,449.97,2026-03-22,,,,832.0,,
raw_sales,,17.0,3.0,449.97,2026-03-21,,,,833.0,,
raw_sales,,17.0,4.0,599.96,2026-03-04,,,,834.0,,
raw_sales,,17.0,2.0,299.98,2026-04-27,,,,835.0,,
raw_sales,,17.0,2.0,299.98,2026-04-21,,,,836.0,,
raw_sales,,17.0,2.0,299.98,2026-04-06,,,,837.0,,
raw_sales,,17.0,2.0,299.98,2026-04-27,,,,838.0,,
raw_sales,,17.0,2.0,299.98,2026-04-25,,,,839.0,,
raw_sales,,17.0,2.0,299.98,2026-04-22,,,,840.0,,
raw_sales,,17.0,2.0,299.98,2026-05-02,,,,841.0,,
raw_sales,,17.0,1.0,149.99,2026-05-10,,,,842.0,,
raw_sales,,17.0,2.0,299.98,2026-05-07,,,,843.0,,
raw_sales,,17.0,2.0,299.98,2026-05-02,,,,844.0,,
raw_sales,,17.0,1.0,149.99,2026-05-26,,,,845.0,,
raw_sales,,17.0,2.0,299.98,2026-05-07,,,,846.0,,
raw_sales,,17.0,1.0,149.99,2026-05-29,,,,847.0,,
raw_sales,,17.0,1.0,149.99,2026-05-02,,,,848.0,,
raw_sales,,17.0,3.0,449.97,2026-06-09,,,,849.0,,
raw_sales,,17.0,3.0,449.97,2026-06-02,,,,850.0,,
raw_sales,,17.0,3.0,449.97,2026-06-25,,,,851.0,,
raw_sales,,17.0,3.0,449.97,2026-06-21,,,,852.0,,
raw_sales,,17.0,3.0,449.97,2026-06-07,,,,853.0,,
raw_sales,,17.0,3.0,449.97,2026-06-10,,,,854.0,,
raw_sales,,17.0,3.0,449.97,2026-07-14,,,,855.0,,
raw_sales,,17.0,3.0,449.97,2026-07-29,,,,856.0,,
raw_sales,,17.0,3.0,449.97,2026-07-13,,,,857.0,,
raw_sales,,17.0,3.0,449.97,2026-07-24,,,,858.0,,
raw_sales,,17.0,3.0,449.97,2026-07-15,,,,859.0,,
raw_sales,,17.0,4.0,599.96,2026-07-29,,,,860.0,,
raw_sales,,17.0,3.0,449.97,2026-08-26,,,,861.0,,
raw_sales,,17.0,2.0,299.98,2026-08-03,,,,862.0,,
raw_sales,,17.0,2.0,299.98,2026-08-24,,,,863.0,,
raw_sales,,17.0,2.0,299.98,2026-08-14,,,,864.0,,
raw_sales,,17.0,2.0,299.98,2026-08-03,,,,865.0,,
raw_sales,,17.0,3.0,449.97,2026-08-14,,,,866.0,,
raw_sales,,17.0,3.0,449.97,2026-08-20,,,,867.0,,
raw_sales,,17.0,9.0,1349.91,2026-09-11,,,,868.0,,
raw_sales,,17.0,9.0,1349.91,2026-09-04,,,,869.0,,
raw_sales,,17.0,8.0,1199.92,2026-09-03,,,,870.0,,
raw_sales,,18.0,3.0,209.97,2025-10-03,,,,871.0,,
raw_sales,,18.0,1.0,69.99,2025-11-01,,,,872.0,,
raw_sales,,18.0,1.0,69.99,2025-11-05,,,,873.0,,
raw_sales,,18.0,1.0,69.99,2025-11-28,,,,874.0,,
raw_sales,,18.0,1.0,69.99,2025-11-20,,,,875.0,,
raw_sales,,18.0,1.0,69.99,2025-12-25,,,,876.0,,
raw_sales,,18.0,1.0,69.99,2025-12-21,,,,877.0,,
raw_sales,,18.0,1.0,69.99,2025-12-12,,,,878.0,,
raw_sales,,18.0,1.0,69.99,2025-12-12,,,,879.0,,
raw_sales,,18.0,1.0,69.99,2025-12-13,,,,880.0,,
raw_sales,,18.0,1.0,69.99,2025-12-31,,,,881.0,,
raw_sales,,18.0,9.0,629.91,2026-01-20,,,,882.0,,
raw_sales,,18.0,3.0,209.97,2026-02-12,,,,883.0,,
raw_sales,,18.0,3.0,209.97,2026-02-12,,,,884.0,,
raw_sales,,18.0,2.0,139.98,2026-03-21,,,,885.0,,
raw_sales,,18.0,1.0,69.99,2026-03-09,,,,886.0,,
raw_sales,,18.0,1.0,69.99,2026-03-08,,,,887.0,,
raw_sales,,18.0,2.0,139.98,2026-03-31,,,,888.0,,
raw_sales,,18.0,1.0,69.99,2026-03-04,,,,889.0,,
raw_sales,,18.0,1.0,69.99,2026-03-01,,,,890.0,,
raw_sales,,18.0,1.0,69.99,2026-03-24,,,,891.0,,
raw_sales,,18.0,2.0,139.98,2026-03-06,,,,892.0,,
raw_sales,,18.0,1.0,69.99,2026-04-07,,,,893.0,,
raw_sales,,18.0,2.0,139.98,2026-04-20,,,,894.0,,
raw_sales,,18.0,1.0,69.99,2026-04-10,,,,895.0,,
raw_sales,,18.0,1.0,69.99,2026-04-23,,,,896.0,,
raw_sales,,18.0,2.0,139.98,2026-04-30,,,,897.0,,
raw_sales,,18.0,2.0,139.98,2026-04-16,,,,898.0,,
raw_sales,,18.0,1.0,69.99,2026-04-07,,,,899.0,,
raw_sales,,18.0,1.0,69.99,2026-04-04,,,,900.0,,
raw_sales,,18.0,4.0,279.96,2026-05-06,,,,901.0,,
raw_sales,,18.0,4.0,279.96,2026-05-29,,,,902.0,,
raw_sales,,18.0,4.0,279.96,2026-05-23,,,,903.0,,
raw_sales,,18.0,1.0,69.99,2026-06-18,,,,904.0,,
raw_sales,,18.0,2.0,139.98,2026-06-18,,,,905.0,,
raw_sales,,18.0,2.0,139.98,2026-06-10,,,,906.0,,
raw_sales,,18.0,2.0,139.98,2026-06-29,,,,907.0,,
raw_sales,,18.0,2.0,139.98,2026-06-10,,,,908.0,,
raw_sales,,18.0,2.0,139.98,2026-06-28,,,,909.0,,
raw_sales,,18.0,2.0,139.98,2026-06-06,,,,910.0,,
raw_sales,,18.0,2.0,139.98,2026-06-23,,,,911.0,,
raw_sales,,18.0,4.0,279.96,2026-07-04,,,,912.0,,
raw_sales,,18.0,5.0,349.95,2026-07-07,,,,913.0,,
raw_sales,,18.0,5.0,349.95,2026-07-26,,,,914.0,,
raw_sales,,18.0,5.0,349.95,2026-08-01,,,,915.0,,
raw_sales,,18.0,5.0,349.95,2026-08-12,,,,916.0,,
raw_sales,,18.0,5.0,349.95,2026-08-18,,,,917.0,,
raw_sales,,18.0,3.0,209.97,2026-09-03,,,,918.0,,
raw_sales,,18.0,4.0,279.96,2026-09-10,,,,919.0,,
raw_sales,,18.0,3.0,209.97,2026-09-13,,,,920.0,,
raw_sales,,18.0,3.0,209.97,2026-09-23,,,,921.0,,
raw_sales,,18.0,3.0,209.97,2026-09-24,,,,922.0,,
raw_sales,,18.0,3.0,209.97,2026-09-16,,,,923.0,,
raw_sales,,19.0,3.0,74.97,2025-10-17,,,,924.0,,
raw_sales,,19.0,3.0,74.97,2025-10-30,,,,925.0,,
raw_sales,,19.0,3.0,74.97,2025-10-28,,,,926.0,,
raw_sales,,19.0,14.0,349.86,2025-11-27,,,,927.0,,
raw_sales,,19.0,8.0,199.92,2025-12-10,,,,928.0,,
raw_sales,,19.0,9.0,224.91,2025-12-06,,,,929.0,,
raw_sales,,19.0,4.0,99.96,2026-01-12,,,,930.0,,
raw_sales,,19.0,5.0,124.95,2026-01-31,,,,931.0,,
raw_sales,,19.0,4.0,99.96,2026-01-31,,,,932.0,,
raw_sales,,19.0,5.0,124.95,2026-02-05,,,,933.0,,
raw_sales,,19.0,5.0,124.95,2026-02-21,,,,934.0,,
raw_sales,,19.0,4.0,99.96,2026-02-10,,,,935.0,,
raw_sales,,19.0,5.0,124.95,2026-02-20,,,,936.0,,
raw_sales,,19.0,5.0,124.95,2026-02-18,,,,937.0,,
raw_sales,,19.0,13.0,324.87,2026-03-19,,,,938.0,,
raw_sales,,19.0,13.0,324.87,2026-03-31,,,,939.0,,
raw_sales,,19.0,8.0,199.92,2026-04-27,,,,940.0,,
raw_sales,,19.0,8.0,199.92,2026-04-30,,,,941.0,,
raw_sales,,19.0,8.0,199.92,2026-04-19,,,,942.0,,
raw_sales,,19.0,25.0,624.75,2026-05-27,,,,943.0,,
raw_sales,,19.0,25.0,624.75,2026-06-03,,,,944.0,,
raw_sales,,19.0,32.0,799.68,2026-07-31,,,,945.0,,
raw_sales,,19.0,7.0,174.93,2026-08-16,,,,946.0,,
raw_sales,,19.0,8.0,199.92,2026-08-29,,,,947.0,,
raw_sales,,19.0,7.0,174.93,2026-08-21,,,,948.0,,
raw_sales,,19.0,7.0,174.93,2026-08-18,,,,949.0,,
raw_sales,,19.0,7.0,174.93,2026-08-10,,,,950.0,,
raw_sales,,19.0,9.0,224.91,2026-09-10,,,,951.0,,
raw_sales,,19.0,8.0,199.92,2026-09-15,,,,952.0,,
raw_sales,,19.0,8.0,199.92,2026-09-03,,,,953.0,,
raw_sales,,19.0,9.0,224.91,2026-09-23,,,,954.0,,
raw_sales,,19.0,8.0,199.92,2026-09-02,,,,955.0,,
raw_sales,,20.0,4.0,67.96,2025-10-08,,,,956.0,,
raw_sales,,20.0,4.0,67.96,2025-10-15,,,,957.0,,
raw_sales,,20.0,8.0,135.92,2025-11-15,,,,958.0,,
raw_sales,,20.0,7.0,118.93,2025-11-08,,,,959.0,,
raw_sales,,20.0,6.0,101.94,2025-12-10,,,,960.0,,
raw_sales,,20.0,5.0,84.95,2025-12-31,,,,961.0,,
raw_sales,,20.0,6.0,101.94,2025-12-13,,,,962.0,,
raw_sales,,20.0,2.0,33.98,2026-01-16,,,,963.0,,
raw_sales,,20.0,3.0,50.97,2026-01-17,,,,964.0,,
raw_sales,,20.0,3.0,50.97,2026-01-15,,,,965.0,,
raw_sales,,20.0,3.0,50.97,2026-01-16,,,,966.0,,
raw_sales,,20.0,3.0,50.97,2026-01-29,,,,967.0,,
raw_sales,,20.0,2.0,33.98,2026-01-10,,,,968.0,,
raw_sales,,20.0,3.0,50.97,2026-01-16,,,,969.0,,
raw_sales,,20.0,18.0,305.82,2026-02-03,,,,970.0,,
raw_sales,,20.0,4.0,67.96,2026-03-02,,,,971.0,,
raw_sales,,20.0,4.0,67.96,2026-03-02,,,,972.0,,
raw_sales,,20.0,4.0,67.96,2026-03-10,,,,973.0,,
raw_sales,,20.0,3.0,50.97,2026-03-16,,,,974.0,,
raw_sales,,20.0,4.0,67.96,2026-03-20,,,,975.0,,
raw_sales,,20.0,4.0,67.96,2026-03-29,,,,976.0,,
raw_sales,,20.0,4.0,67.96,2026-03-27,,,,977.0,,
raw_sales,,20.0,3.0,50.97,2026-04-24,,,,978.0,,
raw_sales,,20.0,3.0,50.97,2026-04-12,,,,979.0,,
raw_sales,,20.0,3.0,50.97,2026-04-25,,,,980.0,,
raw_sales,,20.0,3.0,50.97,2026-04-13,,,,981.0,,
raw_sales,,20.0,3.0,50.97,2026-04-12,,,,982.0,,
raw_sales,,20.0,4.0,67.96,2026-04-02,,,,983.0,,
raw_sales,,20.0,3.0,50.97,2026-04-13,,,,984.0,,
raw_sales,,20.0,3.0,50.97,2026-04-02,,,,985.0,,
raw_sales,,20.0,9.0,152.91,2026-05-03,,,,986.0,,
raw_sales,,20.0,9.0,152.91,2026-05-13,,,,987.0,,
raw_sales,,20.0,8.0,135.92,2026-05-17,,,,988.0,,
raw_sales,,20.0,8.0,135.92,2026-05-15,,,,989.0,,
raw_sales,,20.0,7.0,118.93,2026-06-13,,,,990.0,,
raw_sales,,20.0,6.0,101.94,2026-06-12,,,,991.0,,
raw_sales,,20.0,6.0,101.94,2026-06-26,,,,992.0,,
raw_sales,,20.0,7.0,118.93,2026-06-11,,,,993.0,,
raw_sales,,20.0,6.0,101.94,2026-06-18,,,,994.0,,
raw_sales,,20.0,6.0,101.94,2026-07-02,,,,995.0,,
raw_sales,,20.0,6.0,101.94,2026-07-02,,,,996.0,,
raw_sales,,20.0,6.0,101.94,2026-07-05,,,,997.0,,
raw_sales,,20.0,6.0,101.94,2026-07-23,,,,998.0,,
raw_sales,,20.0,6.0,101.94,2026-07-11,,,,999.0,,
raw_sales,,20.0,6.0,101.94,2026-07-26,,,,1000.0,,
raw_sales,,20.0,6.0,101.94,2026-08-06,,,,1001.0,,
raw_sales,,20.0,6.0,101.94,2026-08-13,,,,1002.0,,
raw_sales,,20.0,6.0,101.94,2026-08-20,,,,1003.0,,
raw_sales,,20.0,5.0,84.95,2026-08-24,,,,1004.0,,
raw_sales,,20.0,5.0,84.95,2026-08-27,,,,1005.0,,
raw_sales,,20.0,6.0,101.94,2026-08-10,,,,1006.0,,
raw_sales,,20.0,6.0,101.94,2026-08-19,,,,1007.0,,
raw_sales,,20.0,5.0,84.95,2026-08-11,,,,1008.0,,
raw_sales,,20.0,7.0,118.93,2026-09-14,,,,1009.0,,
raw_sales,,20.0,6.0,101.94,2026-09-19,,,,1010.0,,
raw_sales,,20.0,6.0,101.94,2026-09-10,,,,1011.0,,
raw_sales,,20.0,6.0,101.94,2026-09-26,,,,1012.0,,
raw_sales,,20.0,7.0,118.93,2026-09-29,,,,1013.0,,
raw_sales,,20.0,7.0,118.93,2026-09-24,,,,1014.0,,
raw_sales,,20.0,6.0,101.94,2026-09-28,,,,1015.0,,
raw_sales,,20.0,6.0,101.94,2026-09-23,,,,1016.0,,
raw_sales,,21.0,2.0,65.98,2025-10-07,,,,1017.0,,
raw_sales,,21.0,2.0,65.98,2025-10-01,,,,1018.0,,
raw_sales,,21.0,2.0,65.98,2025-10-15,,,,1019.0,,
raw_sales,,21.0,2.0,65.98,2025-10-11,,,,1020.0,,
raw_sales,,21.0,1.0,32.99,2025-10-14,,,,1021.0,,
raw_sales,,21.0,2.0,65.98,2025-10-05,,,,1022.0,,
raw_sales,,21.0,2.0,65.98,2025-10-14,,,,1023.0,,
raw_sales,,21.0,5.0,164.95,2025-11-28,,,,1024.0,,
raw_sales,,21.0,4.0,131.96,2025-11-28,,,,1025.0,,
raw_sales,,21.0,4.0,131.96,2025-11-24,,,,1026.0,,
raw_sales,,21.0,4.0,131.96,2025-11-24,,,,1027.0,,
raw_sales,,21.0,17.0,560.83,2025-12-23,,,,1028.0,,
raw_sales,,21.0,8.0,263.92,2026-01-18,,,,1029.0,,
raw_sales,,21.0,8.0,263.92,2026-01-11,,,,1030.0,,
raw_sales,,21.0,7.0,230.93,2026-01-22,,,,1031.0,,
raw_sales,,21.0,4.0,131.96,2026-02-22,,,,1032.0,,
raw_sales,,21.0,3.0,98.97,2026-02-25,,,,1033.0,,
raw_sales,,21.0,3.0,98.97,2026-02-28,,,,1034.0,,
raw_sales,,21.0,3.0,98.97,2026-02-24,,,,1035.0,,
raw_sales,,21.0,3.0,98.97,2026-02-22,,,,1036.0,,
raw_sales,,21.0,4.0,131.96,2026-02-21,,,,1037.0,,
raw_sales,,21.0,3.0,98.97,2026-02-26,,,,1038.0,,
raw_sales,,21.0,3.0,98.97,2026-02-23,,,,1039.0,,
raw_sales,,21.0,5.0,164.95,2026-03-09,,,,1040.0,,
raw_sales,,21.0,5.0,164.95,2026-03-18,,,,1041.0,,
raw_sales,,21.0,6.0,197.94,2026-03-10,,,,1042.0,,
raw_sales,,21.0,5.0,164.95,2026-03-08,,,,1043.0,,
raw_sales,,21.0,5.0,164.95,2026-03-31,,,,1044.0,,
raw_sales,,21.0,6.0,197.94,2026-04-11,,,,1045.0,,
raw_sales,,21.0,5.0,164.95,2026-04-16,,,,1046.0,,
raw_sales,,21.0,5.0,164.95,2026-04-12,,,,1047.0,,
raw_sales,,21.0,5.0,164.95,2026-04-18,,,,1048.0,,
raw_sales,,21.0,5.0,164.95,2026-04-30,,,,1049.0,,
raw_sales,,21.0,5.0,164.95,2026-05-29,,,,1050.0,,
raw_sales,,21.0,6.0,197.94,2026-05-13,,,,1051.0,,
raw_sales,,21.0,5.0,164.95,2026-05-27,,,,1052.0,,
raw_sales,,21.0,6.0,197.94,2026-05-12,,,,1053.0,,
raw_sales,,21.0,6.0,197.94,2026-05-31,,,,1054.0,,
raw_sales,,21.0,11.0,362.89,2026-06-10,,,,1055.0,,
raw_sales,,21.0,12.0,395.88,2026-06-23,,,,1056.0,,
raw_sales,,21.0,12.0,395.88,2026-06-03,,,,1057.0,,
raw_sales,,21.0,7.0,230.93,2026-07-27,,,,1058.0,,
raw_sales,,21.0,6.0,197.94,2026-07-18,,,,1059.0,,
raw_sales,,21.0,7.0,230.93,2026-07-09,,,,1060.0,,
raw_sales,,21.0,6.0,197.94,2026-07-30,,,,1061.0,,
raw_sales,,21.0,7.0,230.93,2026-07-18,,,,1062.0,,
raw_sales,,21.0,6.0,197.94,2026-07-23,,,,1063.0,,
raw_sales,,21.0,9.0,296.91,2026-08-08,,,,1064.0,,
raw_sales,,21.0,9.0,296.91,2026-08-02,,,,1065.0,,
raw_sales,,21.0,9.0,296.91,2026-08-22,,,,1066.0,,
raw_sales,,21.0,10.0,329.9,2026-08-29,,,,1067.0,,
raw_sales,,21.0,10.0,329.9,2026-08-17,,,,1068.0,,
raw_sales,,21.0,14.0,461.86,2026-09-14,,,,1069.0,,
raw_sales,,21.0,14.0,461.86,2026-09-11,,,,1070.0,,
raw_sales,,21.0,15.0,494.85,2026-09-23,,,,1071.0,,
raw_sales,,21.0,14.0,461.86,2026-09-16,,,,1072.0,,
raw_sales,,22.0,41.0,2049.59,2025-10-30,,,,1073.0,,
raw_sales,,22.0,31.0,1549.69,2025-11-18,,,,1074.0,,
raw_sales,,22.0,32.0,1599.68,2025-11-24,,,,1075.0,,
raw_sales,,22.0,67.0,3349.33,2025-12-30,,,,1076.0,,
raw_sales,,22.0,27.0,1349.73,2026-01-30,,,,1077.0,,
raw_sales,,22.0,28.0,1399.72,2026-01-30,,,,1078.0,,
raw_sales,,22.0,27.0,1349.73,2026-01-02,,,,1079.0,,
raw_sales,,22.0,12.0,599.88,2026-02-10,,,,1080.0,,
raw_sales,,22.0,12.0,599.88,2026-02-19,,,,1081.0,,
raw_sales,,22.0,13.0,649.87,2026-02-20,,,,1082.0,,
raw_sales,,22.0,13.0,649.87,2026-02-04,,,,1083.0,,
raw_sales,,22.0,13.0,649.87,2026-02-11,,,,1084.0,,
raw_sales,,22.0,13.0,649.87,2026-02-10,,,,1085.0,,
raw_sales,,22.0,12.0,599.88,2026-02-15,,,,1086.0,,
raw_sales,,22.0,12.0,599.88,2026-03-11,,,,1087.0,,
raw_sales,,22.0,12.0,599.88,2026-03-06,,,,1088.0,,
raw_sales,,22.0,12.0,599.88,2026-03-24,,,,1089.0,,
raw_sales,,22.0,11.0,549.89,2026-03-15,,,,1090.0,,
raw_sales,,22.0,12.0,599.88,2026-03-21,,,,1091.0,,
raw_sales,,22.0,12.0,599.88,2026-03-09,,,,1092.0,,
raw_sales,,22.0,12.0,599.88,2026-03-23,,,,1093.0,,
raw_sales,,22.0,12.0,599.88,2026-03-06,,,,1094.0,,
raw_sales,,22.0,111.0,5548.89,2026-04-24,,,,1095.0,,
raw_sales,,22.0,20.0,999.8,2026-05-27,,,,1096.0,,
raw_sales,,22.0,20.0,999.8,2026-05-14,,,,1097.0,,
raw_sales,,22.0,21.0,1049.79,2026-05-17,,,,1098.0,,
raw_sales,,22.0,21.0,1049.79,2026-05-11,,,,1099.0,,
raw_sales,,22.0,20.0,999.8,2026-05-03,,,,1100.0,,
raw_sales,,22.0,21.0,1049.79,2026-05-13,,,,1101.0,,
raw_sales,,22.0,66.0,3299.34,2026-06-05,,,,1102.0,,
raw_sales,,22.0,67.0,3349.33,2026-06-16,,,,1103.0,,
raw_sales,,22.0,24.0,1199.76,2026-07-15,,,,1104.0,,
raw_sales,,22.0,24.0,1199.76,2026-07-25,,,,1105.0,,
raw_sales,,22.0,24.0,1199.76,2026-07-09,,,,1106.0,,
raw_sales,,22.0,24.0,1199.76,2026-07-31,,,,1107.0,,
raw_sales,,22.0,24.0,1199.76,2026-07-11,,,,1108.0,,
raw_sales,,22.0,24.0,1199.76,2026-07-10,,,,1109.0,,
raw_sales,,22.0,174.0,8698.26,2026-08-09,,,,1110.0,,
raw_sales,,22.0,34.0,1699.66,2026-09-15,,,,1111.0,,
raw_sales,,22.0,34.0,1699.66,2026-09-10,,,,1112.0,,
raw_sales,,22.0,34.0,1699.66,2026-09-06,,,,1113.0,,
raw_sales,,22.0,35.0,1749.65,2026-09-13,,,,1114.0,,
raw_sales,,22.0,34.0,1699.66,2026-09-22,,,,1115.0,,
raw_sales,,22.0,34.0,1699.66,2026-09-17,,,,1116.0,,
raw_sales,,23.0,3.0,89.97,2025-10-25,,,,1117.0,,
raw_sales,,23.0,3.0,89.97,2025-10-08,,,,1118.0,,
raw_sales,,23.0,3.0,89.97,2025-10-22,,,,1119.0,,
raw_sales,,23.0,2.0,59.98,2025-10-25,,,,1120.0,,
raw_sales,,23.0,2.0,59.98,2025-10-20,,,,1121.0,,
raw_sales,,23.0,3.0,89.97,2025-10-28,,,,1122.0,,
raw_sales,,23.0,10.0,299.9,2025-11-17,,,,1123.0,,
raw_sales,,23.0,10.0,299.9,2025-11-23,,,,1124.0,,
raw_sales,,23.0,4.0,119.96,2025-12-19,,,,1125.0,,
raw_sales,,23.0,4.0,119.96,2025-12-18,,,,1126.0,,
raw_sales,,23.0,4.0,119.96,2025-12-05,,,,1127.0,,
raw_sales,,23.0,3.0,89.97,2025-12-06,,,,1128.0,,
raw_sales,,23.0,3.0,89.97,2025-12-11,,,,1129.0,,
raw_sales,,23.0,4.0,119.96,2025-12-28,,,,1130.0,,
raw_sales,,23.0,3.0,89.97,2026-01-26,,,,1131.0,,
raw_sales,,23.0,3.0,89.97,2026-01-02,,,,1132.0,,
raw_sales,,23.0,4.0,119.96,2026-01-15,,,,1133.0,,
raw_sales,,23.0,3.0,89.97,2026-01-05,,,,1134.0,,
raw_sales,,23.0,3.0,89.97,2026-01-17,,,,1135.0,,
raw_sales,,23.0,3.0,89.97,2026-01-14,,,,1136.0,,
raw_sales,,23.0,3.0,89.97,2026-01-15,,,,1137.0,,
raw_sales,,23.0,3.0,89.97,2026-01-19,,,,1138.0,,
raw_sales,,23.0,25.0,749.75,2026-02-18,,,,1139.0,,
raw_sales,,23.0,4.0,119.96,2026-03-19,,,,1140.0,,
raw_sales,,23.0,3.0,89.97,2026-03-03,,,,1141.0,,
raw_sales,,23.0,4.0,119.96,2026-03-02,,,,1142.0,,
raw_sales,,23.0,4.0,119.96,2026-03-14,,,,1143.0,,
raw_sales,,23.0,4.0,119.96,2026-03-12,,,,1144.0,,
raw_sales,,23.0,4.0,119.96,2026-03-23,,,,1145.0,,
raw_sales,,23.0,4.0,119.96,2026-03-03,,,,1146.0,,
raw_sales,,23.0,4.0,119.96,2026-03-18,,,,1147.0,,
raw_sales,,23.0,29.0,869.71,2026-04-30,,,,1148.0,,
raw_sales,,23.0,16.0,479.84,2026-05-02,,,,1149.0,,
raw_sales,,23.0,16.0,479.84,2026-05-10,,,,1150.0,,
raw_sales,,23.0,6.0,179.94,2026-06-28,,,,1151.0,,
raw_sales,,23.0,6.0,179.94,2026-06-30,,,,1152.0,,
raw_sales,,23.0,6.0,179.94,2026-06-30,,,,1153.0,,
raw_sales,,23.0,6.0,179.94,2026-06-13,,,,1154.0,,
raw_sales,,23.0,6.0,179.94,2026-06-13,,,,1155.0,,
raw_sales,,23.0,5.0,149.95,2026-06-03,,,,1156.0,,
raw_sales,,23.0,6.0,179.94,2026-06-22,,,,1157.0,,
raw_sales,,23.0,14.0,419.86,2026-07-04,,,,1158.0,,
raw_sales,,23.0,14.0,419.86,2026-07-06,,,,1159.0,,
raw_sales,,23.0,13.0,389.87,2026-07-18,,,,1160.0,,
raw_sales,,23.0,7.0,209.93,2026-08-15,,,,1161.0,,
raw_sales,,23.0,6.0,179.94,2026-08-22,,,,1162.0,,
raw_sales,,23.0,7.0,209.93,2026-08-24,,,,1163.0,,
raw_sales,,23.0,7.0,209.93,2026-08-18,,,,1164.0,,
raw_sales,,23.0,7.0,209.93,2026-08-14,,,,1165.0,,
raw_sales,,23.0,7.0,209.93,2026-08-18,,,,1166.0,,
raw_sales,,23.0,7.0,209.93,2026-08-13,,,,1167.0,,
raw_sales,,23.0,16.0,479.84,2026-09-05,,,,1168.0,,
raw_sales,,23.0,15.0,449.85,2026-09-09,,,,1169.0,,
raw_sales,,23.0,15.0,449.85,2026-09-07,,,,1170.0,,
raw_sales,,23.0,16.0,479.84,2026-09-30,,,,1171.0,,
raw_sales,,24.0,6.0,89.94,2025-10-08,,,,1172.0,,
raw_sales,,24.0,1.0,14.99,2025-11-25,,,,1173.0,,
raw_sales,,24.0,1.0,14.99,2025-11-28,,,,1174.0,,
raw_sales,,24.0,1.0,14.99,2025-11-25,,,,1175.0,,
raw_sales,,24.0,1.0,14.99,2025-11-02,,,,1176.0,,
raw_sales,,24.0,1.0,14.99,2025-11-05,,,,1177.0,,
raw_sales,,24.0,1.0,14.99,2025-11-17,,,,1178.0,,
raw_sales,,24.0,1.0,14.99,2025-12-08,,,,1179.0,,
raw_sales,,24.0,1.0,14.99,2026-01-29,,,,1180.0,,
raw_sales,,24.0,1.0,14.99,2026-01-05,,,,1181.0,,
raw_sales,,24.0,1.0,14.99,2026-01-22,,,,1182.0,,
raw_sales,,24.0,1.0,14.99,2026-01-17,,,,1183.0,,
raw_sales,,24.0,1.0,14.99,2026-01-08,,,,1184.0,,
raw_sales,,24.0,1.0,14.99,2026-01-14,,,,1185.0,,
raw_sales,,24.0,2.0,29.98,2026-02-18,,,,1186.0,,
raw_sales,,24.0,2.0,29.98,2026-02-19,,,,1187.0,,
raw_sales,,24.0,2.0,29.98,2026-02-24,,,,1188.0,,
raw_sales,,24.0,3.0,44.97,2026-03-18,,,,1189.0,,
raw_sales,,24.0,3.0,44.97,2026-03-16,,,,1190.0,,
raw_sales,,24.0,3.0,44.97,2026-03-02,,,,1191.0,,
raw_sales,,24.0,2.0,29.98,2026-04-14,,,,1192.0,,
raw_sales,,24.0,2.0,29.98,2026-04-05,,,,1193.0,,
raw_sales,,24.0,1.0,14.99,2026-04-10,,,,1194.0,,
raw_sales,,24.0,2.0,29.98,2026-04-13,,,,1195.0,,
raw_sales,,24.0,1.0,14.99,2026-04-06,,,,1196.0,,
raw_sales,,24.0,1.0,14.99,2026-04-25,,,,1197.0,,
raw_sales,,24.0,1.0,14.99,2026-05-28,,,,1198.0,,
raw_sales,,24.0,1.0,14.99,2026-05-23,,,,1199.0,,
raw_sales,,24.0,1.0,14.99,2026-05-05,,,,1200.0,,
raw_sales,,24.0,1.0,14.99,2026-05-26,,,,1201.0,,
raw_sales,,24.0,1.0,14.99,2026-05-15,,,,1202.0,,
raw_sales,,24.0,4.0,59.96,2026-06-18,,,,1203.0,,
raw_sales,,24.0,1.0,14.99,2026-07-09,,,,1204.0,,
raw_sales,,24.0,2.0,29.98,2026-07-07,,,,1205.0,,
raw_sales,,24.0,1.0,14.99,2026-07-11,,,,1206.0,,
raw_sales,,24.0,2.0,29.98,2026-07-21,,,,1207.0,,
raw_sales,,24.0,1.0,14.99,2026-07-03,,,,1208.0,,
raw_sales,,24.0,1.0,14.99,2026-07-30,,,,1209.0,,
raw_sales,,24.0,1.0,14.99,2026-07-15,,,,1210.0,,
raw_sales,,24.0,2.0,29.98,2026-08-13,,,,1211.0,,
raw_sales,,24.0,1.0,14.99,2026-08-22,,,,1212.0,,
raw_sales,,24.0,1.0,14.99,2026-08-20,,,,1213.0,,
raw_sales,,24.0,2.0,29.98,2026-08-20,,,,1214.0,,
raw_sales,,24.0,1.0,14.99,2026-08-02,,,,1215.0,,
raw_sales,,24.0,2.0,29.98,2026-08-28,,,,1216.0,,
raw_sales,,24.0,6.0,89.94,2026-09-26,,,,1217.0,,
raw_sales,,24.0,7.0,104.93,2026-09-25,,,,1218.0,,
raw_sales,,25.0,3.0,839.97,2025-10-18,,,,1219.0,,
raw_sales,,25.0,3.0,839.97,2025-10-11,,,,1220.0,,
raw_sales,,25.0,3.0,839.97,2025-10-25,,,,1221.0,,
raw_sales,,25.0,3.0,839.97,2025-10-10,,,,1222.0,,
raw_sales,,25.0,3.0,839.97,2025-11-17,,,,1223.0,,
raw_sales,,25.0,2.0,559.98,2025-11-29,,,,1224.0,,
raw_sales,,25.0,3.0,839.97,2025-11-16,,,,1225.0,,
raw_sales,,25.0,2.0,559.98,2025-11-15,,,,1226.0,,
raw_sales,,25.0,3.0,839.97,2025-11-04,,,,1227.0,,
raw_sales,,25.0,2.0,559.98,2025-11-26,,,,1228.0,,
raw_sales,,25.0,2.0,559.98,2025-11-24,,,,1229.0,,
raw_sales,,25.0,2.0,559.98,2025-12-24,,,,1230.0,,
raw_sales,,25.0,2.0,559.98,2025-12-05,,,,1231.0,,
raw_sales,,25.0,3.0,839.97,2025-12-01,,,,1232.0,,
raw_sales,,25.0,2.0,559.98,2025-12-09,,,,1233.0,,
raw_sales,,25.0,2.0,559.98,2025-12-18,,,,1234.0,,
raw_sales,,25.0,2.0,559.98,2025-12-30,,,,1235.0,,
raw_sales,,25.0,2.0,559.98,2025-12-19,,,,1236.0,,
raw_sales,,25.0,2.0,559.98,2025-12-19,,,,1237.0,,
raw_sales,,25.0,3.0,839.97,2026-01-19,,,,1238.0,,
raw_sales,,25.0,3.0,839.97,2026-01-27,,,,1239.0,,
raw_sales,,25.0,3.0,839.97,2026-01-08,,,,1240.0,,
raw_sales,,25.0,2.0,559.98,2026-01-16,,,,1241.0,,
raw_sales,,25.0,2.0,559.98,2026-01-18,,,,1242.0,,
raw_sales,,25.0,3.0,839.97,2026-01-21,,,,1243.0,,
raw_sales,,25.0,3.0,839.97,2026-01-31,,,,1244.0,,
raw_sales,,25.0,4.0,1119.96,2026-02-24,,,,1245.0,,
raw_sales,,25.0,5.0,1399.95,2026-02-26,,,,1246.0,,
raw_sales,,25.0,5.0,1399.95,2026-02-12,,,,1247.0,,
raw_sales,,25.0,4.0,1119.96,2026-02-06,,,,1248.0,,
raw_sales,,25.0,4.0,1119.96,2026-02-05,,,,1249.0,,
raw_sales,,25.0,4.0,1119.96,2026-02-24,,,,1250.0,,
raw_sales,,25.0,3.0,839.97,2026-03-25,,,,1251.0,,
raw_sales,,25.0,3.0,839.97,2026-03-01,,,,1252.0,,
raw_sales,,25.0,3.0,839.97,2026-03-14,,,,1253.0,,
raw_sales,,25.0,3.0,839.97,2026-03-05,,,,1254.0,,
raw_sales,,25.0,3.0,839.97,2026-03-27,,,,1255.0,,
raw_sales,,25.0,3.0,839.97,2026-03-21,,,,1256.0,,
raw_sales,,25.0,3.0,839.97,2026-03-08,,,,1257.0,,
raw_sales,,25.0,3.0,839.97,2026-03-03,,,,1258.0,,
raw_sales,,25.0,11.0,3079.89,2026-04-17,,,,1259.0,,
raw_sales,,25.0,10.0,2799.9,2026-04-15,,,,1260.0,,
raw_sales,,25.0,11.0,3079.89,2026-04-12,,,,1261.0,,
raw_sales,,25.0,29.0,8119.71,2026-05-20,,,,1262.0,,
raw_sales,,25.0,4.0,1119.96,2026-06-17,,,,1263.0,,
raw_sales,,25.0,4.0,1119.96,2026-06-24,,,,1264.0,,
raw_sales,,25.0,4.0,1119.96,2026-06-09,,,,1265.0,,
raw_sales,,25.0,4.0,1119.96,2026-06-18,,,,1266.0,,
raw_sales,,25.0,4.0,1119.96,2026-06-10,,,,1267.0,,
raw_sales,,25.0,4.0,1119.96,2026-06-01,,,,1268.0,,
raw_sales,,25.0,5.0,1399.95,2026-06-17,,,,1269.0,,
raw_sales,,25.0,4.0,1119.96,2026-06-27,,,,1270.0,,
raw_sales,,25.0,6.0,1679.94,2026-07-08,,,,1271.0,,
raw_sales,,25.0,6.0,1679.94,2026-07-07,,,,1272.0,,
raw_sales,,25.0,6.0,1679.94,2026-07-20,,,,1273.0,,
raw_sales,,25.0,6.0,1679.94,2026-07-17,,,,1274.0,,
raw_sales,,25.0,6.0,1679.94,2026-07-09,,,,1275.0,,
raw_sales,,25.0,6.0,1679.94,2026-07-27,,,,1276.0,,
raw_sales,,25.0,5.0,1399.95,2026-07-12,,,,1277.0,,
raw_sales,,25.0,9.0,2519.91,2026-08-15,,,,1278.0,,
raw_sales,,25.0,9.0,2519.91,2026-08-19,,,,1279.0,,
raw_sales,,25.0,10.0,2799.9,2026-08-08,,,,1280.0,,
raw_sales,,25.0,10.0,2799.9,2026-08-23,,,,1281.0,,
raw_sales,,25.0,9.0,2519.91,2026-08-08,,,,1282.0,,
raw_sales,,25.0,13.0,3639.87,2026-09-13,,,,1283.0,,
raw_sales,,25.0,13.0,3639.87,2026-09-13,,,,1284.0,,
raw_sales,,25.0,13.0,3639.87,2026-09-18,,,,1285.0,,
raw_sales,,25.0,13.0,3639.87,2026-09-16,,,,1286.0,,
raw_sales,,25.0,13.0,3639.87,2026-09-02,,,,1287.0,,
raw_sales,,26.0,1.0,349.99,2025-10-01,,,,1288.0,,
raw_sales,,26.0,1.0,349.99,2025-10-31,,,,1289.0,,
raw_sales,,26.0,1.0,349.99,2025-10-07,,,,1290.0,,
raw_sales,,26.0,1.0,349.99,2025-10-19,,,,1291.0,,
raw_sales,,26.0,1.0,349.99,2025-10-05,,,,1292.0,,
raw_sales,,26.0,1.0,349.99,2025-10-25,,,,1293.0,,
raw_sales,,26.0,2.0,699.98,2025-10-27,,,,1294.0,,
raw_sales,,26.0,1.0,349.99,2025-10-23,,,,1295.0,,
raw_sales,,26.0,1.0,349.99,2025-11-22,,,,1296.0,,
raw_sales,,26.0,2.0,699.98,2025-11-29,,,,1297.0,,
raw_sales,,26.0,1.0,349.99,2025-11-18,,,,1298.0,,
raw_sales,,26.0,2.0,699.98,2025-11-11,,,,1299.0,,
raw_sales,,26.0,2.0,699.98,2025-11-13,,,,1300.0,,
raw_sales,,26.0,2.0,699.98,2025-11-25,,,,1301.0,,
raw_sales,,26.0,2.0,699.98,2025-11-24,,,,1302.0,,
raw_sales,,26.0,3.0,1049.97,2025-12-17,,,,1303.0,,
raw_sales,,26.0,3.0,1049.97,2025-12-24,,,,1304.0,,
raw_sales,,26.0,3.0,1049.97,2025-12-12,,,,1305.0,,
raw_sales,,26.0,17.0,5949.83,2026-01-04,,,,1306.0,,
raw_sales,,26.0,2.0,699.98,2026-02-21,,,,1307.0,,
raw_sales,,26.0,2.0,699.98,2026-02-09,,,,1308.0,,
raw_sales,,26.0,2.0,699.98,2026-02-26,,,,1309.0,,
raw_sales,,26.0,2.0,699.98,2026-02-15,,,,1310.0,,
raw_sales,,26.0,2.0,699.98,2026-02-16,,,,1311.0,,
raw_sales,,26.0,3.0,1049.97,2026-02-08,,,,1312.0,,
raw_sales,,26.0,3.0,1049.97,2026-02-12,,,,1313.0,,
raw_sales,,26.0,2.0,699.98,2026-03-26,,,,1314.0,,
raw_sales,,26.0,2.0,699.98,2026-03-08,,,,1315.0,,
raw_sales,,26.0,3.0,1049.97,2026-03-23,,,,1316.0,,
raw_sales,,26.0,2.0,699.98,2026-03-03,,,,1317.0,,
raw_sales,,26.0,2.0,699.98,2026-03-03,,,,1318.0,,
raw_sales,,26.0,2.0,699.98,2026-03-09,,,,1319.0,,
raw_sales,,26.0,2.0,699.98,2026-03-05,,,,1320.0,,
raw_sales,,26.0,4.0,1399.96,2026-04-04,,,,1321.0,,
raw_sales,,26.0,3.0,1049.97,2026-04-03,,,,1322.0,,
raw_sales,,26.0,3.0,1049.97,2026-04-01,,,,1323.0,,
raw_sales,,26.0,3.0,1049.97,2026-04-10,,,,1324.0,,
raw_sales,,26.0,4.0,1399.96,2026-04-15,,,,1325.0,,
raw_sales,,26.0,3.0,1049.97,2026-04-12,,,,1326.0,,
raw_sales,,26.0,3.0,1049.97,2026-04-25,,,,1327.0,,
raw_sales,,26.0,5.0,1749.95,2026-05-14,,,,1328.0,,
raw_sales,,26.0,5.0,1749.95,2026-05-15,,,,1329.0,,
raw_sales,,26.0,5.0,1749.95,2026-05-18,,,,1330.0,,
raw_sales,,26.0,5.0,1749.95,2026-05-18,,,,1331.0,,
raw_sales,,26.0,5.0,1749.95,2026-05-17,,,,1332.0,,
raw_sales,,26.0,4.0,1399.96,2026-06-20,,,,1333.0,,
raw_sales,,26.0,4.0,1399.96,2026-06-20,,,,1334.0,,
raw_sales,,26.0,4.0,1399.96,2026-06-26,,,,1335.0,,
raw_sales,,26.0,4.0,1399.96,2026-06-11,,,,1336.0,,
raw_sales,,26.0,3.0,1049.97,2026-06-28,,,,1337.0,,
raw_sales,,26.0,3.0,1049.97,2026-06-13,,,,1338.0,,
raw_sales,,26.0,4.0,1399.96,2026-06-01,,,,1339.0,,
raw_sales,,26.0,6.0,2099.94,2026-07-19,,,,1340.0,,
raw_sales,,26.0,6.0,2099.94,2026-07-17,,,,1341.0,,
raw_sales,,26.0,6.0,2099.94,2026-07-06,,,,1342.0,,
raw_sales,,26.0,5.0,1749.95,2026-07-22,,,,1343.0,,
raw_sales,,26.0,6.0,2099.94,2026-07-13,,,,1344.0,,
raw_sales,,26.0,9.0,3149.91,2026-08-10,,,,1345.0,,
raw_sales,,26.0,9.0,3149.91,2026-08-09,,,,1346.0,,
raw_sales,,26.0,10.0,3499.9,2026-08-16,,,,1347.0,,
raw_sales,,26.0,15.0,5249.85,2026-09-14,,,,1348.0,,
raw_sales,,26.0,15.0,5249.85,2026-09-09,,,,1349.0,,
raw_sales,,26.0,15.0,5249.85,2026-09-14,,,,1350.0,,
raw_sales,,27.0,1.0,24.99,2025-10-15,,,,1351.0,,
raw_sales,,27.0,1.0,24.99,2025-10-11,,,,1352.0,,
raw_sales,,27.0,2.0,49.98,2025-11-20,,,,1353.0,,
raw_sales,,27.0,2.0,49.98,2025-11-23,,,,1354.0,,
raw_sales,,27.0,1.0,24.99,2025-11-07,,,,1355.0,,
raw_sales,,27.0,2.0,49.98,2025-11-16,,,,1356.0,,
raw_sales,,27.0,1.0,24.99,2025-12-31,,,,1357.0,,
raw_sales,,27.0,2.0,49.98,2025-12-11,,,,1358.0,,
raw_sales,,27.0,2.0,49.98,2025-12-10,,,,1359.0,,
raw_sales,,27.0,1.0,24.99,2026-01-30,,,,1360.0,,
raw_sales,,27.0,2.0,49.98,2026-01-19,,,,1361.0,,
raw_sales,,27.0,2.0,49.98,2026-01-07,,,,1362.0,,
raw_sales,,27.0,1.0,24.99,2026-01-19,,,,1363.0,,
raw_sales,,27.0,1.0,24.99,2026-01-18,,,,1364.0,,
raw_sales,,27.0,1.0,24.99,2026-01-06,,,,1365.0,,
raw_sales,,27.0,1.0,24.99,2026-01-22,,,,1366.0,,
raw_sales,,27.0,1.0,24.99,2026-01-25,,,,1367.0,,
raw_sales,,27.0,9.0,224.91,2026-02-24,,,,1368.0,,
raw_sales,,27.0,1.0,24.99,2026-03-05,,,,1369.0,,
raw_sales,,27.0,1.0,24.99,2026-03-21,,,,1370.0,,
raw_sales,,27.0,1.0,24.99,2026-03-10,,,,1371.0,,
raw_sales,,27.0,1.0,24.99,2026-03-08,,,,1372.0,,
raw_sales,,27.0,1.0,24.99,2026-03-09,,,,1373.0,,
raw_sales,,27.0,1.0,24.99,2026-03-22,,,,1374.0,,
raw_sales,,27.0,1.0,24.99,2026-03-05,,,,1375.0,,
raw_sales,,27.0,1.0,24.99,2026-03-23,,,,1376.0,,
raw_sales,,27.0,1.0,24.99,2026-04-19,,,,1377.0,,
raw_sales,,27.0,2.0,49.98,2026-04-13,,,,1378.0,,
raw_sales,,27.0,2.0,49.98,2026-04-18,,,,1379.0,,
raw_sales,,27.0,1.0,24.99,2026-04-17,,,,1380.0,,
raw_sales,,27.0,2.0,49.98,2026-04-30,,,,1381.0,,
raw_sales,,27.0,1.0,24.99,2026-04-30,,,,1382.0,,
raw_sales,,27.0,1.0,24.99,2026-04-28,,,,1383.0,,
raw_sales,,27.0,2.0,49.98,2026-05-22,,,,1384.0,,
raw_sales,,27.0,1.0,24.99,2026-05-22,,,,1385.0,,
raw_sales,,27.0,1.0,24.99,2026-05-12,,,,1386.0,,
raw_sales,,27.0,1.0,24.99,2026-05-06,,,,1387.0,,
raw_sales,,27.0,2.0,49.98,2026-05-21,,,,1388.0,,
raw_sales,,27.0,2.0,49.98,2026-05-20,,,,1389.0,,
raw_sales,,27.0,1.0,24.99,2026-05-02,,,,1390.0,,
raw_sales,,27.0,1.0,24.99,2026-06-09,,,,1391.0,,
raw_sales,,27.0,1.0,24.99,2026-06-08,,,,1392.0,,
raw_sales,,27.0,1.0,24.99,2026-06-17,,,,1393.0,,
raw_sales,,27.0,2.0,49.98,2026-06-24,,,,1394.0,,
raw_sales,,27.0,1.0,24.99,2026-06-17,,,,1395.0,,
raw_sales,,27.0,1.0,24.99,2026-06-18,,,,1396.0,,
raw_sales,,27.0,1.0,24.99,2026-06-19,,,,1397.0,,
raw_sales,,27.0,2.0,49.98,2026-07-15,,,,1398.0,,
raw_sales,,27.0,2.0,49.98,2026-07-25,,,,1399.0,,
raw_sales,,27.0,2.0,49.98,2026-07-22,,,,1400.0,,
raw_sales,,27.0,2.0,49.98,2026-07-19,,,,1401.0,,
raw_sales,,27.0,5.0,124.95,2026-08-16,,,,1402.0,,
raw_sales,,27.0,6.0,149.94,2026-08-04,,,,1403.0,,
raw_sales,,27.0,5.0,124.95,2026-08-10,,,,1404.0,,
raw_sales,,27.0,3.0,74.97,2026-09-15,,,,1405.0,,
raw_sales,,27.0,4.0,99.96,2026-09-26,,,,1406.0,,
raw_sales,,27.0,4.0,99.96,2026-09-07,,,,1407.0,,
raw_sales,,27.0,4.0,99.96,2026-09-17,,,,1408.0,,
raw_sales,,27.0,4.0,99.96,2026-09-16,,,,1409.0,,
raw_sales,,27.0,3.0,74.97,2026-09-12,,,,1410.0,,
raw_sales,,27.0,4.0,99.96,2026-09-16,,,,1411.0,,
raw_sales,,4.0,,,2026-02-17,,,,1412.0,,
raw_sales,,24.0,,,2025-10-08,,,,1413.0,,
raw_sales,,15.0,,,2026-04-19,,,,1414.0,,
raw_sales,,3.0,,,2026-04-29,,,,1415.0,,
raw_sales,,2.0,,,2025-10-01,,,,1416.0,,
raw_sales,,4.0,,,2026-09-18,,,,1417.0,,
raw_sales,,11.0,,,2025-11-02,,,,1418.0,,
raw_sales,,4.0,,,2025-10-18,,,,1419.0,,
raw_sales,,26.0,,,2026-07-07,,,,1420.0,,
raw_sales,,24.0,,,2026-05-28,,,,1421.0,,
raw_sales,,17.0,,,2026-07-02,,,,1422.0,,
raw_sales,,18.0,,,2026-07-10,,,,1423.0,,
raw_sales,,11.0,,,2025-12-17,,,,1424.0,,
raw_sales,,14.0,,,2026-02-05,,,,1425.0,,
raw_sales,,8.0,,,2026-03-06,,,,1426.0,,
raw_sales,,21.0,,,2026-06-27,,,,1427.0,,
raw_sales,,6.0,,,2025-11-06,,,,1428.0,,
raw_sales,,22.0,,,2026-02-20,,,,1429.0,,
raw_sales,,13.0,,,2026-09-15,,,,1430.0,,
raw_sales,,24.0,,,2025-11-19,,,,1431.0,,
raw_sales,,7.0,,,2026-02-11,,,,1432.0,,
raw_sales,,19.0,,,2026-02-22,,,,1433.0,,
raw_sales,,13.0,,,2026-09-27,,,,1434.0,,
raw_sales,,23.0,,,2026-06-12,,,,1435.0,,
raw_sales,,7.0,,,2026-05-10,,,,1436.0,,
raw_sales,,25.0,,,2025-10-04,,,,1437.0,,
raw_sales,,26.0,,,2026-08-28,,,,1438.0,,
raw_sales,,19.0,,,2026-08-08,,,,1439.0,,
raw_sales,,26.0,,,2025-12-29,,,,1440.0,,
raw_sales,,6.0,,,2026-03-26,,,,1441.0,,
raw_sales,,11.0,,,2026-06-21,,,,1442.0,,
raw_sales,,15.0,,,2026-08-02,,,,1443.0,,
raw_sales,,9.0,,,2025-10-21,,,,1444.0,,
raw_sales,,16.0,,,2026-01-02,,,,1445.0,,
raw_sales,,21.0,,,2026-04-22,,,,1446.0,,
raw_sales,,20.0,,,2026-03-15,,,,1447.0,,
raw_sales,,20.0,,,2026-03-13,,,,1448.0,,
raw_sales,,19.0,,,2026-08-02,,,,1449.0,,
raw_sales,,12.0,,,2026-04-02,,,,1450.0,,
raw_sales,,15.0,,,2025-11-17,,,,1451.0,,
raw_sales,,6.0,,,2025-10-20,,,,1452.0,,
raw_sales,,23.0,,,2026-04-30,,,,1453.0,,
raw_sales,,20.0,,,2025-12-01,,,,1454.0,,
raw_sales,,3.0,,,2025-10-20,,,,1455.0,,
raw_sales,,5.0,,,2026-04-22,,,,1456.0,,
raw_sales,,4.0,,,2026-05-30,,,,1457.0,,
raw_sales,,10.0,,,2026-08-01,,,,1458.0,,
raw_sales,,6.0,,,2026-03-22,,,,1459.0,,
raw_sales,,23.0,,,2026-07-19,,,,1460.0,,
raw_sales,,17.0,,,2026-03-15,,,,1461.0,,
raw_sales,,14.0,,,2025-11-28,,,,1462.0,,
raw_sales,,5.0,,,2025-12-09,,,,1463.0,,
raw_sales,,13.0,,,2026-02-25,,,,1464.0,,
raw_sales,,6.0,,,2026-01-23,,,,1465.0,,
raw_sales,,21.0,,,2025-12-28,,,,1466.0,,
raw_sales,,23.0,,,2025-11-03,,,,1467.0,,
raw_sales,,6.0,,,2025-12-19,,,,1468.0,,
raw_sales,,6.0,,,2026-01-22,,,,1469.0,,
raw_sales,,10.0,,,2026-07-20,,,,1470.0,,
raw_sales,,6.0,,,2026-04-21,,,,1471.0,,
raw_sales,,27.0,,,2026-02-11,,,,1472.0,,
raw_sales,,20.0,,,2026-09-02,,,,1473.0,,
raw_sales,,12.0,,,2026-09-25,,,,1474.0,,
raw_sales,,16.0,,,2026-07-22,,,,1475.0,,
raw_sales,,7.0,,,2026-03-17,,,,1476.0,,
raw_sales,,18.0,,,2026-01-14,,,,1477.0,,
raw_sales,,21.0,,,2026-01-19,,,,1478.0,,
raw_sales,,14.0,,,2025-10-14,,,,1479.0,,
raw_sales,,16.0,,,2026-03-01,,,,1480.0,,
raw_sales,,23.0,,,2026-02-14,,,,1481.0,,
raw_sales,,16.0,,,2026-07-06,,,,1482.0,,
raw_sales,,3.0,,,2025-12-14,,,,1483.0,,
raw_sales,,1.0,,,2026-06-09,,,,1484.0,,
raw_sales,,10.0,,,2026-09-13,,,,1485.0,,
raw_sales,,9.0,,,2026-06-06,,,,1486.0,,
raw_sales,,18.0,,,2026-05-05,,,,1487.0,,
raw_sales,,6.0,,,2026-02-07,,,,1488.0,,
raw_sales,,19.0,,,2026-01-19,,,,1489.0,,
raw_sales,,18.0,,,2026-01-11,,,,1490.0,,
raw_sales,,4.0,,,2025-12-10,,,,1491.0,,
raw_sales,,4.0,,,2026-05-15,,,,1492.0,,
raw_sales,,25.0,,,2025-12-25,,,,1493.0,,
raw_sales,,27.0,,,2026-03-26,,,,1494.0,,
raw_sales,,18.0,,,2026-09-08,,,,1495.0,,
raw_sales,,25.0,,,2026-02-16,,,,1496.0,,
raw_sales,,18.0,,,2026-06-10,,,,1497.0,,
raw_sales,,14.0,,,2026-08-08,,,,1498.0,,
raw_sales,,24.0,,,2025-10-30,,,,1499.0,,
raw_sales,,25.0,,,2026-05-26,,,,1500.0,,
raw_sales,,10.0,,,2026-09-13,,,,1501.0,,
raw_sales,,15.0,,,2026-05-18,,,,1502.0,,
raw_sales,,12.0,,,2026-08-16,,,,1503.0,,
raw_sales,,15.0,,,2026-07-31,,,,1504.0,,
raw_sales,,25.0,,,2026-05-31,,,,1505.0,,
raw_sales,,7.0,,,2025-12-02,,,,1506.0,,
raw_sales,,23.0,,,2026-04-03,,,,1507.0,,
raw_sales,,23.0,,,2025-11-21,,,,1508.0,,
raw_sales,,21.0,,,2026-02-22,,,,1509.0,,
raw_sales,,6.0,,,2025-11-18,,,,1510.0,,
raw_sales,,5.0,,,2026-06-16,,,,1511.0,,
raw_sales,,27.0,,,2026-06-16,,,,1512.0,,
raw_sales,,26.0,,,2026-08-30,,,,1513.0,,
raw_sales,,19.0,,,2026-04-03,,,,1514.0,,
raw_sales,,18.0,,,2026-05-09,,,,1515.0,,
raw_sales,,20.0,,,2025-12-28,,,,1516.0,,
raw_sales,,6.0,,,2026-04-17,,,,1517.0,,
raw_sales,,23.0,,,2026-05-03,,,,1518.0,,
raw_sales,,10.0,,,2025-12-10,,,,1519.0,,
raw_sales,,9.0,,,2026-01-09,,,,1520.0,,
raw_sales,,22.0,,,2026-08-12,,,,1521.0,,
raw_sales,,5.0,,,2026-03-03,,,,1522.0,,
raw_sales,,2.0,,,2026-05-11,,,,1523.0,,
raw_sales,,21.0,,,2026-07-27,,,,1524.0,,
raw_sales,,23.0,,,2026-07-24,,,,1525.0,,
raw_sales,,8.0,,,2026-07-17,,,,1526.0,,
raw_sales,,23.0,,,2026-04-18,,,,1527.0,,
raw_sales,,27.0,,,2026-05-26,,,,1528.0,,
raw_sales,,25.0,,,2025-10-18,,,,1529.0,,
raw_sales,,13.0,,,2026-01-22,,,,1530.0,,
raw_sales,,5.0,,,2025-12-08,,,,1531.0,,
raw_sales,,21.0,,,2026-05-15,,,,1532.0,,
raw_sales,,21.0,,,2026-03-01,,,,1533.0,,
raw_sales,,13.0,,,2026-02-10,,,,1534.0,,
raw_sales,,3.0,,,2025-11-09,,,,1535.0,,
raw_sales,,26.0,,,2026-08-13,,,,1536.0,,
raw_sales,,13.0,,,2026-01-09,,,,1537.0,,
raw_sales,,24.0,,,2026-05-10,,,,1538.0,,
raw_sales,,23.0,,,2026-03-25,,,,1539.0,,
raw_sales,,15.0,,,2026-01-23,,,,1540.0,,
raw_sales,,11.0,,,2025-12-06,,,,1541.0,,
raw_sales,,1.0,,,2026-08-13,,,,1542.0,,
raw_sales,,24.0,,,2026-02-07,,,,1543.0,,
raw_sales,,21.0,,,2025-10-24,,,,1544.0,,
raw_sales,,23.0,,,2026-03-30,,,,1545.0,,
raw_sales,,3.0,,,2025-12-30,,,,1546.0,,
raw_sales,,13.0,,,2026-06-10,,,,1547.0,,
raw_sales,,14.0,,,2026-06-13,,,,1548.0,,
raw_sales,,16.0,,,2026-05-15,,,,1549.0,,
raw_sales,,11.0,,,2026-05-07,,,,1550.0,,
raw_sales,,11.0,,,2025-12-23,,,,1551.0,,
raw_sales,,19.0,,,2026-07-25,,,,1552.0,,
raw_inventory,,1.0,,,,,,,1.0,,8.0
raw_inventory,,2.0,,,,,,,2.0,,6.0
raw_inventory,,3.0,,,,,,,3.0,,23.0
raw_inventory,,4.0,,,,,,,4.0,,33.0
raw_inventory,,5.0,,,,,,,5.0,,39.0
raw_inventory,,6.0,,,,,,,6.0,,10.0
raw_inventory,,7.0,,,,,,,7.0,,46.0
raw_inventory,,8.0,,,,,,,8.0,,21.0
raw_inventory,,9.0,,,,,,,9.0,,23.0
raw_inventory,,10.0,,,,,,,10.0,,42.0
raw_inventory,,11.0,,,,,,,11.0,,56.0
raw_inventory,,12.0,,,,,,,12.0,,30.0
raw_inventory,,13.0,,,,,,,13.0,,9.0
raw_inventory,,14.0,,,,,,,14.0,,10.0
raw_inventory,,15.0,,,,,,,15.0,,18.0
raw_inventory,,16.0,,,,,,,16.0,,6.0
raw_inventory,,17.0,,,,,,,17.0,,15.0
raw_inventory,,18.0,,,,,,,18.0,,11.0
raw_inventory,,19.0,,,,,,,19.0,,
raw_inventory,,20.0,,,,,,,20.0,,38.0
raw_inventory,,21.0,,,,,,,21.0,,24.0
raw_inventory,,22.0,,,,,,,22.0,,122.0
raw_inventory,,23.0,,,,,,,23.0,,
raw_inventory,,24.0,,,,,,,24.0,,6.0
raw_inventory,,25.0,,,,,,,25.0,,42.0
raw_inventory,,26.0,,,,,,,26.0,,17.0
raw_inventory,,27.0,,,,,,,27.0,,11.0
